Price,Weight,Type
23038.33841,60082.7139,1
24014.46586,60643.453910000004,1
24462.00739,59355.259979999995,0
23145.50743,58741.31712000001,0
23874.54524,58854.678570000004,1
23905.79685,60879.049360000005,0
23792.80706,60254.97396,0
23166.51055,58948.39287,1
25241.979730000003,59347.21494,0
25223.05415,60440.424589999995,0
24703.93658,58820.763589999995,0
24104.12445,60424.045710000006,0
23321.17528,59926.214739999996,1
22857.48628,57980.78789,1
23664.65371,57283.73278,1
23841.68565,59872.37917000001,0
24161.14377,62449.18559,0
22677.25821,58211.67808,1
25296.058569999997,60122.93035,0
24580.53011,60927.13786,0
22096.93565,61525.27707999999,1
23198.3126,58177.082239999996,1
24479.86645,61685.211579999996,0
22660.31635,60698.52006,1
23463.77751,60382.07804,0
23790.32929,58989.69093,1
23885.98937,58731.44465,0
23863.46671,58081.358239999994,1
22684.12673,57053.1594,1
22349.221830000002,60130.44734,1
22467.22683,59151.4175,1
23796.221080000003,61257.66839,0
22871.0228,57715.01433,1
22663.23485,58506.64755,1
23021.32831,58018.4049,1
22701.8646,58685.764279999996,1
22555.13975,58782.90018,1
24024.232630000002,62000.96936,0
22120.174919999998,59207.298910000005,0
23228.10216,58415.26565,0
22650.03999,61628.32285,1
24431.48083,60504.18487999999,0
24092.66858,59414.24465,0
24452.418680000002,61203.19684,1
25637.55622,57519.32957,0
23540.38113,59750.92664,1
24234.85332,62245.44598,0
24142.11863,60754.14163,1
24122.83294,60223.54324,0
23657.56589,57887.10423,1
23853.26832,60721.71528,1
22241.18987,59819.59485,1
24688.03026,59831.97956,0
23593.197940000002,59760.60269,1
21993.79735,58827.86536,1
21440.924740000002,58832.083479999994,1
23174.35826,59804.118070000004,0
23162.2853,62004.00373,0
25464.155619999998,59328.45411,0
23947.18988,59554.12832999999,0
23886.40831,58099.80245,1
23749.74586,61159.474570000006,0
23049.790119999998,58379.71148,0
25386.868619999997,60226.51033,0
23895.92853,58363.03775,0
23600.45343,60034.33872000001,0
21917.1574,58710.36636,1
22176.04904,59605.35046,1
23094.19799,56943.90504,1
23956.00389,60637.38785,0
23269.83657,57056.00937000001,1
24234.536930000002,59901.08325,0
24929.34174,59466.7651,0
23327.72339,57808.957160000005,1
22888.51405,60322.08949,0
23817.24289,57119.09155,0
24510.28255,59407.96065,0
24010.768369999998,58522.2322,0
23494.02621,57742.184089999995,1
23932.27145,59959.185379999995,1
23988.04474,59416.39284,1
23109.87962,59374.0694,0
22881.76189,59673.342260000005,1
23638.59867,59217.7197,0
25724.86384,61529.883010000005,0
23763.19051,59847.13755,0
25048.62713,61082.84789,0
24391.384869999998,57783.619739999995,1
23192.91495,60796.0999,0
23969.18876,59875.744210000004,0
24363.60401,57833.3953,1
22918.73722,58449.167870000005,1
24310.5658,57906.22663,1
24097.32317,57992.4686,1
23079.27785,60236.04232000001,0
25419.79276,59869.85193,0
25229.12323,62300.94587999999,0
24135.06226,60793.3642,0
23712.06501,57704.880999999994,0
24368.71498,61203.32565,0
24770.16992,61484.682310000004,1
22306.05522,58954.80522,1
22374.3208,58553.97251,1
23856.35076,58353.89604,0
22288.03928,58377.18241,0
23990.14097,60333.41402999999,1
24956.96067,60958.7514,0
24871.67826,58249.86803,1
23930.70933,60241.65969,0
22885.666390000002,60175.67027,1
23841.90166,59040.34703,0
23970.667859999998,61976.00958,0
22500.94129,59328.48885,1
25153.05002,59928.6414,0
25255.303330000002,60592.66797,1
22667.07895,57800.00755,1
22642.43945,59999.46057999999,1
25268.88025,58631.83802999999,0
24260.44905,57708.94312,1
23235.45883,60410.634139999995,0
24404.41245,60311.4162,0
22419.04579,61631.010129999995,1
23572.8817,55833.67775,1
23804.377109999998,59695.80938,1
23299.09135,58177.52616,1
23872.472130000002,58424.451279999994,1
22896.00501,59362.20714,1
24795.99778,61311.701989999994,0
22550.34619,58884.97922000001,0
24775.93228,57163.64037000001,1
23049.512469999998,59306.86037,1
24067.98831,60943.787939999995,0
24418.6247,59208.884529999996,1
23278.787999999997,60480.57287999999,0
24678.32632,59817.35197,1
22853.723159999998,59048.42638,1
23261.96056,58637.83812000001,1
22340.8181,58630.518379999994,1
23684.78876,61161.55339,1
24099.23513,58893.91153,1
23180.14425,58629.42219,0
24093.78734,60752.328460000004,0
23526.65585,59610.3984,0
25216.32385,59545.08376,0
22199.66392,58152.085029999995,1
21632.24234,58446.79746,1
24215.44302,60110.85542000001,1
23993.73469,58786.246139999996,0
24270.400230000003,61762.81608,0
22613.64373,61592.54494,1
24685.8842,61716.92921,0
23126.482790000002,58602.65633,1
23597.15151,59339.333060000004,0
22695.55484,59616.81141,0
24363.89533,60719.62962000001,0
23327.91362,59401.58247,1
23146.06686,59602.509829999995,1
23216.34035,57426.53127000001,1
24616.02922,60241.52766,1
24075.97857,59186.191,1
24988.02985,58876.72452,0
24893.49103,61037.717670000005,0
24317.58278,59794.86943,1
23508.79148,59171.99839,0
25180.39556,58579.22591,0
22131.0275,59545.217189999996,1
23793.0466,60228.50234,0
21853.76419,60403.5979,1
25318.19944,58427.3878,0
23598.77294,59264.47486,1
22304.95585,58282.883910000004,1
23257.16711,58235.015329999995,1
22937.17695,63318.60491,0
23593.37944,59323.15727999999,1
23963.4803,60761.216120000005,1
23931.94629,60330.817989999996,0
24104.60861,61231.85396,0
21975.03001,61708.99592,1
24814.12577,61777.411960000005,0
22665.70742,60427.70066,0
24280.12332,60712.536420000004,1
24668.78308,60483.29402,0
24706.129680000002,62615.77622000001,0
21340.15315,58039.696789999995,1
22737.717109999998,59385.09326,1
23560.4647,58912.70917,0
24050.08514,57870.179220000005,0
23924.1847,57927.025570000005,1
24139.81968,61681.09677999999,0
22963.188280000002,60364.44041,0
25025.86412,60428.39937000001,0
23303.44995,58197.53227,1
25233.119909999998,59279.23145,0
24657.3289,59279.54037,0
23913.77397,61106.65105,1
21349.45556,57805.882260000006,1
24011.25873,59025.6598,1
24396.38256,59038.45102000001,0
23922.32577,58928.365860000005,0
25502.244609999998,60411.32464,0
24940.19372,58284.22607999999,0
24248.878230000002,56611.08433,1
24629.52631,60798.33064,0
23185.7353,58809.614989999995,1
22232.10447,58150.70695,1
23909.54241,57174.42733,1
25204.52543,59969.57921,0
22457.477730000002,60886.54526,1
24268.146259999998,58023.96223,1
24794.717819999998,60199.75023,0
23078.990719999998,60016.37457000001,1
22632.04638,59042.853070000005,1
22469.947369999998,59408.737270000005,1
23300.48874,60894.34421,1
21990.5256,58556.3008,0
23569.071359999998,62503.95989,1
22313.18677,60180.45499,1
22955.50829,59425.496020000006,0
23485.200630000003,58505.28589,1
23146.904459999998,61982.37237999999,1
22938.57645,58345.88521,1
22914.651840000002,58403.010870000006,1
23921.993459999998,57912.546010000005,1
22435.13697,57704.41919,1
23797.971080000003,58867.824160000004,0
23988.47538,59291.20852000001,1
22722.11821,58369.02319,1
22157.793319999997,58815.36567000001,1
23258.67795,60378.94033,0
23505.64274,60745.30674,0
23312.16689,59253.31366,1
22952.89799,58472.38918,1
23585.1982,58964.01669,0
23557.817880000002,57602.267929999995,1
24034.0908,62445.726129999995,0
24843.32085,60162.73738,0
24227.650690000002,57951.14177,1
23811.24165,60342.54285,1
23278.40924,60569.56845,0
23413.47277,58318.87704,1
22023.25354,59719.10735,1
25299.09886,57448.736979999994,0
24064.08386,61506.88811,0
23239.57421,61758.79972,0
23027.057109999998,59621.141070000005,0
22904.7911,62066.241870000005,0
23310.821969999997,61443.7126,0
23299.129090000002,56318.84352,0
24561.31825,60494.761,0
23207.680630000003,59838.94383,1
23794.78698,61428.604960000004,1
24153.56623,59992.46759,1
21768.75731,60679.342820000005,1
23548.63536,58283.72379,1
24184.06212,61228.60947,0
25210.65235,59143.80368,0
24336.44915,62785.89313,1
25158.3712,60657.79014,0
24398.63376,59683.2924,0
23363.162999999997,60011.294460000005,0
22893.99646,57542.49857,1
23427.79805,59624.93617000001,1
23494.70574,60256.9203,0
22877.674069999997,59384.244439999995,1
24316.27494,58644.14407,1
22910.20756,59225.93327,0
24297.066590000002,60710.74686,0
24143.931780000003,58616.72036,1
24261.62235,59463.7064,0
22398.21383,59535.499879999996,1
22910.587180000002,58946.19745,1
24285.87347,60041.1984,0
22531.41966,57825.69101,1
22544.93087,62006.70147000001,1
23784.49179,58390.506120000005,0
24103.60266,60805.92571,0
23411.47639,60922.66356,1
23544.70644,57923.491129999995,1
24056.78921,59914.08462,0
23145.70726,58294.657,1
23142.34302,57880.046220000004,1
23995.05105,60267.072479999995,0
24660.30494,59433.780739999995,0
24668.441609999998,59526.114129999994,0
24574.25885,58150.72173,0
23789.76625,59091.31527000001,1
24398.79742,58123.61715,0
22254.39319,59439.63175,1
23178.240840000002,58015.2103,1
23976.39435,61850.953429999994,0
24413.37622,59082.16359,0
24150.428330000002,58708.019179999996,1
23653.33612,59368.11388,0
22916.88146,58245.89299,1
23616.30999,58936.32313,0
22311.088509999998,59536.30538,1
22764.081309999998,59146.66258,1
22204.47635,60068.624339999995,1
23541.887740000002,61168.09187999999,0
22786.75521,58754.53838,1
22186.881709999998,58824.40806,1
23173.76268,57963.26741,1
23586.49814,58499.61335,1
23631.69018,59925.01465,1
23536.3825,60209.02616,0
23721.56968,59742.212629999995,1
23604.86156,60805.72432,0
23202.17542,59612.09335,1
23647.335909999998,60952.41845,1
22032.41101,61490.02997999999,1
21875.9684,61108.967979999994,1
24721.48223,59795.38126,0
23129.32475,58719.50154,1
23431.36144,58630.495129999996,1
22936.14834,61978.266489999995,1
25645.77174,59263.73135,0
23758.51436,62191.013139999995,1
23640.91658,60731.78400000001,0
21394.78729,61182.20975,1
22914.72697,57877.066210000005,1
23118.188309999998,58321.015660000005,0
24242.0588,60597.35977,0
23662.259680000003,60341.797139999995,1
23694.34129,59589.216629999995,1
24483.8263,60545.6089,0
23316.73214,59786.50471,0
25006.910490000002,59933.28438,0
23430.646569999997,60747.795320000005,0
24468.671769999997,60443.79585,0
24331.92406,60298.37572999999,0
23082.62898,58548.3498,0
22398.00709,60048.55514,1
23775.80683,59246.33485,1
23513.45527,58912.88363,1
24298.34742,61101.455,0
23928.50105,60841.94695,0
24434.74374,60427.47085,1
24726.24651,59352.62281,0
24308.7079,60126.61841,0
23893.65884,60642.35609,0
21857.7456,58274.72614,1
23054.0363,60018.86704,1
23603.19036,60256.1013,1
24407.70006,61237.26297,0
23090.363869999997,59626.58727,0
23181.10286,59800.90297,0
25365.66302,60476.37744,0
24838.208319999998,60324.18512,0
21160.1385,57790.2876,1
23077.364540000002,58838.50191,0
23875.28023,60108.944610000006,0
23578.6271,60317.4403,0
24730.21622,58396.78554,0
24614.23502,58287.724129999995,0
25228.81914,55831.25004,1
25236.77374,59297.06566,1
22930.22663,59141.52797,1
23318.4853,58229.22573,1
23457.71498,57903.59896,1
22347.15192,59294.761510000004,1
23826.3093,58716.59164,0
24126.14291,60258.070360000005,0
22815.56252,56790.88168,1
21921.98819,57404.71197999999,1
24563.86084,58068.0798,1
22214.18519,57776.618239999996,1
22919.70068,60657.05801,1
23424.73324,61358.625360000005,0
23016.8896,59260.445589999996,1
24704.55465,60777.834189999994,0
23694.07238,60564.21905,1
23005.27963,57862.758539999995,1
26071.82209,59539.796610000005,0
22917.95522,59435.32607,1
23394.77131,58830.846470000004,1
23614.950569999997,62483.44225,0
23681.378119999998,61153.57434,1
23892.39774,57826.62549,0
23533.48567,59888.87342999999,0
24785.8736,59141.638360000004,0
23561.683390000002,59935.33791,1
22969.083919999997,56740.34764,1
24994.30409,58941.199389999994,0
24505.33892,60542.279910000005,0
22655.624969999997,57689.05055,0
22691.06118,56562.707460000005,1
23833.26393,60003.50822,0
24426.982780000002,60066.943139999996,0
22740.50995,58640.0101,1
22948.08608,61138.62463,0
22438.74711,59941.66842,1
24344.219930000003,60123.63275,0
24400.71645,61210.43892000001,0
24769.73317,58821.06332000001,1
22140.5176,57807.72711,1
23834.62429,59557.4564,0
23938.636469999998,60993.58192999999,0
22913.924769999998,58068.11955,1
23295.89375,59478.32378,1
24717.01816,57852.0236,1
22090.1156,60326.77892999999,0
22550.62339,58648.92129,1
23272.72968,61308.15971,0
24770.93662,60722.85797999999,0
23815.73458,59378.14295,0
23780.76149,61348.7872,0
23527.2926,60929.36365,0
24308.63896,58758.17667000001,0
23561.42142,61236.76857000001,0
22319.36622,57527.93434,1
24012.752080000002,60644.80585,0
25886.13604,60670.920020000005,0
24082.30634,60021.969339999996,1
22900.50589,60587.827860000005,1
24308.31405,59064.14955,1
24613.39588,58905.124970000004,0
23071.90044,61177.77404,0
22380.5999,59515.402120000006,1
24193.341419999997,60268.00437,0
24317.37172,59956.59905,0
23665.695359999998,60379.68287999999,0
24500.343119999998,58187.35593,1
26737.70464,57790.66941,0
23882.88616,59109.73873,0
24056.570659999998,59259.14299,0
24232.38389,61128.34236,1
25307.68835,60259.115920000004,0
23668.48355,59252.813910000004,1
21885.45217,59065.414039999996,1
23425.78621,60744.9791,0
22873.141,57234.65493,1
22068.19975,58106.468629999996,1
23176.00385,58629.05506,1
23631.03777,59192.47832,1
23153.96379,56598.29972,1
22315.43841,60329.394360000006,1
23951.49601,58918.73323,0
23624.47449,61447.59054,0
23189.5769,61016.2197,1
22073.83395,59660.591120000005,1
22688.56266,61018.469170000004,1
22892.611719999997,62297.42115,0
22946.389219999997,57982.598770000004,0
22046.816769999998,59479.72373,1
25267.62208,60834.480789999994,0
23768.17616,61937.76542,0
23110.73716,57843.93626,1
23607.40654,58021.596079999996,1
24169.17208,59171.48601,0
23683.606819999997,61622.181679999994,1
22658.89804,57742.702379999995,1
23007.68295,59138.73561,0
22356.92286,59499.80851,1
22922.10022,60205.280979999996,0
23966.14555,58732.8447,1
24363.03144,58061.60811,1
24006.7299,57927.07034,0
24505.11834,60056.51135,1
24075.62326,59139.6009,0
22272.11627,60507.2727,1
23064.23895,59670.24249,0
21820.28078,59713.08995,1
23516.515190000002,59852.04555,1
24283.33671,60312.632939999996,0
23111.22403,59719.341120000005,0
23427.39204,59254.371589999995,0
24578.24326,59288.884289999995,0
24346.22327,59574.3217,1
24021.57076,58754.12071,1
22834.25618,60561.72204,1
23915.36945,61223.2828,0
23446.51378,60229.820589999996,0
24521.92775,59441.099070000004,0
24456.41688,61166.83956,0
24962.97285,58416.88413,0
24650.61134,60822.81481,0
24598.42251,60258.42589,0
23472.33989,57968.949,0
22788.56089,58405.87064,1
23178.69423,59872.37465,1
23577.69444,61097.04302999999,1
23973.60331,61670.01154,0
24386.37297,60096.19866,0
23931.79791,58788.406460000006,0
23759.373919999998,59751.53793,0
21890.13323,58011.42747,1
23638.7899,61148.177879999996,0
23708.89184,60893.32042999999,0
23125.96508,59415.312210000004,1
23728.76885,61611.03276,1
22921.60431,57463.043920000004,1
25344.73676,60157.22026,0
22137.15185,58848.17623,0
24903.34975,61570.235160000004,1
23195.67762,59345.50784,0
23660.8502,61049.246329999994,0
22745.59599,60527.364429999994,1
24079.328999999998,60738.030589999995,0
23586.94626,61806.31129,0
23335.86104,60482.83742,1
21765.5048,58234.813729999994,1
23412.03745,58784.6515,0
22383.256390000002,58265.78924,0
23803.48815,58963.47316,0
22375.418859999998,58624.324089999995,1
23008.19727,59066.8795,1
22240.57276,58680.78559,1
25222.28339,60175.966360000006,1
23047.43996,59132.40994,1
24235.36225,61180.989010000005,1
22637.99215,60299.875889999996,1
23119.52788,61354.75544,1
24845.81174,59959.3963,0
23325.01327,60886.06366,0
23901.95014,60005.969789999996,1
23609.971840000002,57185.880320000004,0
23922.934709999998,57622.96371,0
24750.20003,62390.89644,0
22463.35305,57660.01616,1
24288.703869999998,60927.200220000006,1
24518.56433,59929.24612999999,0
22827.66698,58319.4641,1
24061.6282,60585.677910000006,0
22857.74988,59883.42518,1
23404.913630000003,60984.248960000004,1
23823.79574,61186.41891,0
21865.73729,59396.016729999996,1
23593.430969999998,58385.40938,1
25002.67172,61481.26635,0
23457.63567,58223.51534,1
23116.92598,58983.11713,1
24345.11418,60421.21675,0
24854.50147,59095.622279999996,0
22277.072999999997,60686.274560000005,1
23976.3159,60217.10761,0
23813.699230000002,58044.46454,1
24274.45537,59291.16921,0
24571.23041,59124.782739999995,0
23514.277869999998,58406.921270000006,1
24036.616719999998,58998.83356,1
25138.5895,60040.79605,0
22705.80399,56028.589570000004,1
24136.67764,58925.30054,0
22797.3125,59895.89376,1
24702.85074,60758.502479999996,0
22401.1713,59781.881389999995,1
24173.38842,59715.67959,0
23717.68155,62534.29984,0
24931.26947,61662.77945,0
23919.91358,61057.790429999994,0
22809.6545,59570.96687999999,1
23126.23049,61080.49105,0
24240.65439,58687.43988,0
23368.428509999998,58345.61707000001,1
24638.39867,56938.25253,1
22444.97265,58984.43864,1
24186.01709,58434.97752000001,0
24489.95415,59126.951570000005,0
23238.463040000002,58953.26652999999,1
23361.372890000002,62889.85004,1
24381.69547,59343.341010000004,0
22551.45206,60103.64811,1
24458.979880000003,58417.31792,0
22364.28928,59795.078689999995,1
23408.72189,60456.9184,0
23958.59386,62231.12642000001,0
23264.54419,60989.43728,1
24293.6581,59074.54369,0
24061.7966,60713.55334,0
23734.56652,58592.76931,1
22742.07521,59434.110129999994,1
22055.07268,61558.38047999999,1
24213.221869999998,59911.599870000005,0
23639.70497,61438.30844,0
22776.88798,59298.05104,1
23169.051180000002,56040.9431,1
22876.01353,57447.01339,1
24165.906769999998,59043.62952,1
24102.58959,57686.86381,0
24428.42539,58453.2262,0
23288.38665,60070.041410000005,0
23108.37498,58526.337210000005,1
23429.37095,60248.92714,0
23286.99387,58617.23705,1
23918.92109,57828.75611,0
23380.42741,57881.49825,0
23483.03394,61055.51787,0
23436.08716,59184.31883,1
22209.7057,60599.770820000005,0
23871.51024,61580.791370000006,1
24083.7999,60497.1314,0
23802.69447,58800.32347,0
24192.61299,61889.45673,0
24216.59737,59800.33569,0
21497.978880000002,60557.7118,1
25239.048,61942.55582,0
24387.98951,58916.42627999999,1
24609.54125,60969.85246,0
23404.799619999998,58033.81887,1
23776.27317,59203.37126,0
24406.42119,60356.87932000001,0
21958.54712,58687.56351,1
24139.96314,60344.42654,0
22559.87096,58753.39095,0
24847.56844,62568.02383,0
24240.65341,60094.541679999995,0
24796.322180000003,59818.904579999995,0
23051.61162,59227.222460000005,1
23679.39032,58822.08094,0
24446.51666,59279.20794,1
22506.32476,59103.739539999995,1
24772.16301,57817.77127999999,0
22501.26038,60218.103579999995,1
23603.05558,57856.585629999994,1
23168.58469,57110.723289999994,1
21944.19208,58399.54972,1
23259.16767,60378.80142999999,0
21935.09989,58331.79358,1
24479.21015,58666.48809,0
23538.76869,60820.79064,1
21372.00375,60083.81062999999,1
24452.36712,61446.94152000001,0
23960.53509,59202.784810000005,1
23691.967419999997,61175.34945,1
24444.57023,60039.78025,0
24722.11888,58856.049920000005,0
24311.13704,59258.98989,1
24188.82027,59439.12719,1
23563.30744,62428.6615,0
22430.491319999997,59368.165270000005,1
22554.108819999998,57134.4752,1
22125.983819999998,59067.80571,1
24842.367469999997,59190.13837000001,0
24414.63063,58870.79295,1
23555.74876,58059.32759,1
22497.71532,59006.43697,0
23056.465780000002,59324.1291,1
22663.92414,57554.658789999994,1
22978.78065,59765.49921,1
24255.91005,59641.95927000001,1
23879.94049,60981.813429999995,0
23800.7258,61542.06699,0
24635.20019,59126.02215,0
24568.71985,57570.51616,1
22844.72855,58900.404129999995,1
22883.43741,61169.14731,1
24183.48845,60344.7608,0
22449.67629,59708.40195,1
23308.44783,60667.610329999996,0
24450.51231,61756.61832,0
22968.70902,57616.36322000001,1
24513.61634,59879.20269,1
24012.86087,61783.57177,0
23846.300040000002,59372.9443,0
24367.758840000002,59941.953629999996,1
23577.65779,58346.900279999994,0
22300.74884,61508.14622,1
22238.89011,58747.6039,1
25624.52772,60099.17845,0
24006.1724,60381.11761,0
24273.495319999998,59596.768220000005,1
23609.24139,58652.56766,0
23288.88003,58849.4853,0
21396.24175,59747.84714,1
24410.07068,59998.82558,1
24703.92486,61260.61964,0
23744.13366,59237.44417,1
24375.32372,60226.41186,0
22769.5115,58804.63641,0
23753.8349,59411.332389999996,1
23728.85491,58246.92875,0
24516.17974,60372.13239,0
23321.44928,58300.9186,1
23106.08912,58021.21912,1
24369.61801,59276.0988,0
24119.60253,57132.301060000005,1
24857.02102,60134.70796,0
23801.72143,60040.500360000005,0
24036.13471,59523.71746,0
21972.92628,61145.5842,1
25006.8666,60470.02395,0
23648.58416,62875.421370000004,0
22175.17118,60177.11901,1
23064.53066,60311.03434,1
22789.63675,60899.79377999999,1
23108.28126,61951.86101,1
22953.70887,59379.007170000004,1
24508.51915,60415.19812000001,0
23588.60761,60024.26869,1
23827.77915,58828.53091,1
23920.35472,59254.21617000001,1
24276.75106,59671.92255,1
22718.02129,58422.54114,1
24343.011440000002,61020.84676,0
25592.207919999997,59732.82527,0
21796.34789,59479.95002999999,1
24388.68648,61229.71306,0
25151.85355,60283.737279999994,0
22558.60294,61571.10269,1
25664.8451,61297.111410000005,0
25028.1849,59315.26651,0
23818.16746,60337.21912,0
24316.11965,58582.10784,0
22831.64732,57742.9859,1
23337.20114,60164.77994,1
25455.244459999998,60485.83787999999,0
24057.78164,59847.21981,0
22164.71832,57032.39547999999,1
23973.67157,59778.64019,1
23386.96786,58649.89932999999,1
23631.35635,58620.2092,0
23017.302509999998,60750.22264,1
26709.630930000003,60128.90907,0
24631.64294,60167.499229999994,0
23839.9617,58034.54391,0
24057.56315,59026.42435,0
23449.96179,58677.649110000006,1
23367.820369999998,63251.7802,1
24792.45462,63030.58181,0
23239.9365,60048.3557,1
25143.15378,59585.800820000004,0
23271.909369999998,59406.01535,0
23605.93185,60061.73628,1
23981.53866,60484.31452000001,0
21968.687990000002,60298.454170000005,1
23174.42567,59138.001039999996,1
22867.30704,59436.99876,1
23774.998919999998,57739.49687,0
24158.25445,61137.84506,0
24005.53394,60041.104960000004,0
24759.35609,60778.7484,0
22714.6215,60758.969220000006,1
22650.71843,59587.82965,1
23531.90252,61335.294689999995,0
23122.15046,58990.095910000004,0
25673.51616,60992.188239999996,0
22337.19676,58341.145820000005,0
23464.10823,61471.43155,0
24110.76087,60235.436420000005,0
23261.03705,60391.52336,0
23120.727609999998,59974.73465,1
24116.52382,61484.44857000001,0
23094.15236,59627.89872999999,1
23988.80817,61437.68307000001,0
23571.44834,60655.49642999999,0
24215.66206,59937.39195,0
24453.67541,60184.08848,0
23208.7291,58721.288720000004,1
23386.29305,56105.25781,1
23995.9891,58539.42795,1
22590.84534,60528.10619,1
23836.91822,60418.53784,0
23247.05598,60682.783789999994,1
25403.66186,63503.97516,0
24456.047000000002,59916.960739999995,0
22273.37417,60485.289520000006,1
22778.50391,61700.681529999994,1
23745.64635,60400.099160000005,0
23848.217780000003,58769.62259,1
24209.37266,57413.505529999995,0
24623.46671,60280.312529999996,0
24759.74724,58693.76967,0
23521.566130000003,60673.5251,0
25360.555269999997,60021.238560000005,0
24483.24278,61081.072570000004,0
24720.95248,62892.853460000006,0
25025.36255,61874.70849,0
24829.94889,61746.2716,0
23476.15014,59805.75942,0
23768.71153,60091.50622,0
24481.32566,59038.028379999996,0
23659.10509,60800.09567,1
24389.457290000002,60932.13441,0
23362.39261,60293.83021,0
23245.83022,62247.98521,0
22727.70335,60125.303329999995,1
22234.7908,58725.44712999999,0
23053.85578,59054.4529,1
22884.936380000003,59141.632860000005,1
24161.10321,59447.62784,1
24993.08712,61251.69627000001,0
24045.383990000002,62696.701629999996,0
22924.09581,60798.49351,0
23499.62399,60299.56235,1
23186.151859999998,58863.15295,1
24102.75335,57348.32324,0
22575.85854,59390.48093,1
24499.891069999998,60688.632789999996,0
23481.493,60736.54109,0
24950.368590000002,61233.830429999995,0
22504.877230000002,57882.94245,0
24011.32384,59211.692579999995,0
23828.88452,59460.03822,1
23424.683090000002,60897.72555,0
22348.14072,57340.98499,1
23527.61565,59279.63273,1
24243.34351,58328.50659,0
24585.243769999997,58717.968239999995,1
24466.754109999998,58741.53416,1
24455.397559999998,60300.939179999994,0
23495.007869999998,58735.477360000004,0
24229.8127,57057.93855,0
23631.21623,59386.319820000004,1
22889.359480000003,58762.73272000001,1
21982.29492,58789.98481,1
25167.24495,60074.41869,0
23981.572940000002,59341.24745,0
23924.473980000002,61222.8533,0
24795.94215,59252.17286,0
22590.7867,58208.74258,1
23854.53558,58551.1593,0
24824.62725,57808.70941,1
24156.25068,59354.26554,0
24027.70244,60582.4643,0
23565.28525,59185.892479999995,0
23190.20719,59916.496620000005,1
23651.327540000002,61330.937439999994,0
24114.22499,58219.646570000004,0
24348.33391,60476.78302,0
21847.56998,60448.818320000006,1
23790.64538,61853.773689999995,1
25530.97902,60776.28823,0
24540.03625,60689.44522,0
25609.1702,59834.202079999995,0
23681.62557,58728.6606,1
23095.29037,60649.240620000004,1
22452.81376,59245.39034,1
24392.36821,59665.709160000006,0
24181.237419999998,59769.18607999999,0
23752.39514,60189.407889999995,1
23283.74698,60559.96999,0
24101.53983,59957.4154,0
24312.0981,58758.44225,0
23976.72934,59856.87281,0
23939.91858,59944.70886,0
22252.87398,58087.64589,1
23531.30913,59095.13565,0
23283.13445,58079.429520000005,0
22256.9988,59408.45647999999,0
22571.81281,59839.80585,0
23053.21097,61606.157889999995,0
24293.96209,60603.866010000005,0
25477.611380000002,59527.50577,1
23769.02949,59586.145339999995,0
23983.949,58646.89302,0
22992.34735,59967.650839999995,0
21940.808390000002,57532.9389,1
24548.75068,58675.71306,1
24228.35435,59478.39461,1
24003.89852,59475.88237000001,1
22898.53716,58853.28416,0
23402.730369999997,60852.13352999999,1
23005.25496,56864.96097000001,1
22115.75718,58763.666260000005,1
24187.37848,59519.16977000001,0
24550.52217,60441.26707,0
23947.02119,59727.77869,1
24247.93906,60613.310529999995,0
23936.319,58121.576960000006,1
23072.38472,57014.48914,1
23587.02991,57629.17876,1
22856.22997,60636.859379999994,1
22638.34681,58204.63886,1
23904.95067,61159.40561,0
21880.599309999998,58703.00001,1
24261.59031,59608.05172999999,0
23968.8671,58857.37435,0
22538.66391,59938.91087000001,1
25529.24127,60892.05761,0
23347.967480000003,58498.4407,0
23990.9356,59577.51861,1
23325.59036,59255.96054,1
23238.15716,61326.272679999995,0
23546.98731,59243.29682999999,1
22341.582019999998,59327.67928,1
24422.60655,58776.829060000004,0
23209.62603,59598.018939999994,1
22374.379240000002,59113.201279999994,1
23066.61185,59446.4463,1
24299.574,58717.8833,0
24345.20661,60336.361679999995,0
22825.54718,62394.68997000001,1
23210.03015,59489.73439,0
23779.8261,59556.58173,1
22913.63111,61655.27752999999,1
24179.26387,56689.98047,0
23937.886309999998,58852.57909,0
23795.61473,60023.53107999999,1
23597.09595,59691.46026,0
24216.30955,58937.395220000006,1
23659.87884,58989.08625,0
22544.57782,58489.996660000004,1
22752.65597,58504.812560000006,1
25172.8833,59682.118760000005,0
25436.39732,59421.9282,0
22917.341940000002,58047.75774,1
24446.083309999998,59835.645,0
20946.81686,58747.93456,1
22200.06078,55754.0282,1
23970.61388,59177.21112000001,1
22639.27634,58971.46805,1
23630.71979,57543.89008,1
22145.655740000002,59544.31386,1
24139.27231,57270.63051,0
21802.08909,58854.10245,1
24807.06883,60038.527839999995,0
23479.39198,60528.54143,0
22481.93007,60179.20235,1
23981.79065,60770.345960000006,0
24104.30625,60883.102289999995,0
23131.21507,60815.80934,0
23577.75659,59264.59535,1
23033.8124,59575.52734,1
23277.04434,59898.937920000004,1
24315.6574,59873.26324,0
22881.95366,62199.608570000004,0
23003.42282,59367.69089,1
24461.26574,60752.66874,0
22219.842419999997,60175.221260000006,0
22852.72408,57921.374879999996,1
23888.72705,59514.599270000006,0
22976.26148,58817.61979,1
22358.51431,60011.40712,1
25008.09054,59195.733439999996,0
23453.43445,57068.530510000004,1
24454.04107,58935.69674,0
23531.39831,60141.947239999994,1
22898.25743,58921.16687000001,0
22884.08941,60540.675820000004,0
21239.53788,60488.17337999999,1
23434.040559999998,59538.4162,0
23604.181109999998,60611.55474,0
23178.57476,59889.128670000006,0
22999.596559999998,60882.309010000004,0
24941.61878,59048.462889999995,0
24722.00877,59167.757139999994,0
23774.521259999998,62270.2176,0
21616.74489,60467.94927999999,1
24228.56155,59860.714929999995,1
24169.84364,61445.560970000006,0
24127.08779,60391.4656,0
24543.96475,61171.38545,1
24105.71227,59951.60394,1
23802.86482,59900.24382999999,0
22528.00636,62041.088189999995,0
22908.16321,58507.362479999996,1
23701.099830000003,57346.40824,1
24004.20575,59788.27006,0
23763.07588,60288.1343,1
23616.0693,61228.43392999999,1
23966.83301,58044.202170000004,1
22194.135319999998,58121.7287,1
22140.84213,57349.06195,1
24397.78528,58587.828720000005,0
23484.41223,58835.82849,0
23775.02885,59861.06794,0
24754.917269999998,59783.00504,0
22843.47879,58026.564510000004,1
24268.93398,58119.64217000001,0
22940.966330000003,59309.103489999994,1
24503.71982,59686.63901,0
23805.96033,60548.77532000001,0
22170.1364,60564.13994,1
22357.61455,59843.44462,1
24764.355359999998,59573.15588,1
23516.68709,58291.53755,0
24503.33785,62830.4153,0
23345.1586,60816.23262,0
22086.23375,60839.83953,0
22309.36307,61927.32804,1
24423.18834,61106.583979999996,0
24155.917559999998,60306.318139999996,1
22264.74604,58185.88669,1
23503.81011,59042.00725,1
23945.4201,60660.22188,1
21248.9213,60012.70921,1
24518.97924,61936.786570000004,1
24519.329009999998,60536.62515,1
22333.927069999998,58064.88715,0
23943.369619999998,57942.36074,1
23344.96011,57771.826160000004,1
25019.54465,58579.01107000001,0
23429.25075,58189.50546,1
23440.71619,60552.11555,1
23029.41121,60109.315070000004,0
23956.39432,61494.39517,1
24222.66848,57313.263620000005,1
22568.11156,60343.22295,0
23954.410190000002,59729.38521,1
23619.1634,58327.5916,1
23359.39747,59598.34167,0
23393.95814,59386.605129999996,1
23310.542999999998,61136.655810000004,0
22069.14165,60116.511170000005,0
22472.80684,58155.81996,1
24780.703380000003,58592.39461,0
22900.47335,58847.07547999999,1
21117.39108,58429.39372000001,1
24702.7691,59308.11344,0
23270.97239,58833.57085,1
23441.05361,58909.100479999994,1
24148.05867,58850.71314,1
24291.53555,58099.2875,0
24571.65686,60512.254310000004,0
22916.71828,60528.017270000004,1
22353.63626,61262.27982999999,0
23971.22974,59410.05079,0
21997.72795,57504.49285,1
23892.666709999998,58650.21302,1
23306.6532,60691.43117,0
23784.85846,57723.932510000006,1
23297.79897,58413.88681,1
24293.2647,58914.40249,0
23884.65863,58276.60977,0
24266.675919999998,60527.28679,0
22011.1784,59775.12968,1
22606.65067,58315.32672999999,1
23278.22576,58762.80387999999,1
23749.52463,60695.53126,1
22082.8319,58584.641070000005,1
22301.7166,61012.54565,0
24188.8196,60217.858920000006,0
24413.86028,59420.4318,0
23013.10699,59963.21367999999,0
22836.94287,59552.421420000006,0
23073.48655,58586.95816,1
22871.28771,60146.21762,1
24518.28473,59160.044720000005,0
24210.411790000002,57587.604289999996,1
23811.71661,61726.52377000001,0
22245.73554,59130.05293,1
23828.816919999997,58336.418020000005,0
23568.9866,59593.459010000006,1
22576.73689,60023.24954,1
25424.19757,61120.21502,0
24681.00094,60930.63511,0
22648.274980000002,58651.685470000004,1
23515.1183,59382.39177,0
24670.099290000002,59237.59445,0
24438.19369,59881.04606,0
24114.87323,60566.98677999999,0
24507.71952,58914.23099,1
22969.35572,56398.75172000001,0
24430.46435,58216.17664,0
23083.314430000002,60464.2859,1
22009.66145,61639.84499,1
24479.64895,59349.96871,0
24172.94692,60271.88846,1
24422.522269999998,58444.04908,1
23323.022090000002,59168.86652,0
22930.57326,58445.88225,1
22644.443069999998,59544.744439999995,1
24437.59431,61335.8909,0
24949.70949,58578.68587,1
24064.38552,60902.708179999994,0
23194.641,59327.83757,1
21466.63824,59908.19627000001,1
23485.00277,59338.4062,1
22513.4013,59040.47279,1
23073.31648,60236.094710000005,1
24688.5323,57756.22395,0
25190.142780000002,59508.866570000006,0
24389.839340000002,59548.9035,0
23185.608640000002,61516.35487999999,1
23605.54016,61288.79862,0
22412.02983,57629.89076,1
23495.004380000002,60560.04077000001,0
22100.08169,60156.4657,1
24294.71521,61521.54952000001,0
24022.786369999998,60705.58373,1
22672.49345,60775.403889999994,1
23237.26789,58722.09198,1
23757.82651,58037.42965,1
23958.266519999997,59038.3669,0
25303.66992,60789.32984,0
23376.53629,61419.7183,0
22405.276,57484.4461,1
25343.96576,61118.91457000001,0
22919.49835,57871.38386,1
24658.26209,59648.446860000004,0
22552.380930000003,59143.83111,1
22400.619440000002,58638.561010000005,1
24039.13778,59528.23447999999,0
22099.53916,59976.1533,1
24044.39394,61664.297529999996,0
22568.89668,59576.1157,1
23585.94197,59110.807960000006,0
23942.43637,62269.570999999996,1
23201.4212,59043.76158,0
22377.84804,60132.20474,1
25161.28624,59207.53302,0
25970.898119999998,60575.91096,0
23098.23419,58566.631310000004,1
22515.91234,60166.67051,1
22773.57711,58651.70748,1
24340.762769999998,60553.40772,0
23217.74654,60916.78868,1
25443.19084,59260.91717000001,0
23220.042980000002,59503.77185,1
24117.90772,61077.18052,0
22370.72475,60693.29279,0
22196.238080000003,57883.06816,1
23837.21976,59395.458679999996,0
23460.10005,61081.94082999999,0
23450.72963,58292.60179,1
22887.68449,60461.41982,1
24501.64546,60803.48768,0
23104.508840000002,58510.45747,1
24960.19202,60661.902910000004,0
23762.66056,60433.01256,1
22962.57745,58676.46431,0
23181.69372,59155.53167999999,1
24781.81097,61130.447239999994,0
23693.43765,58749.68999,0
24405.36995,59772.216779999995,1
22709.36869,59194.324629999996,1
24586.09628,58186.36567000001,1
24263.5222,57425.29567000001,0
23836.152280000002,60018.122820000004,1
23315.4596,59028.40942,1
22539.28019,59776.82412999999,1
22123.60805,59762.693889999995,0
22199.93477,59357.851429999995,1
23595.77522,59338.95027,0
25098.57444,60776.024489999996,0
23686.05955,60490.174810000004,1
22764.577419999998,59372.99227,1
21929.73343,58110.03732,1
24292.7549,58199.42522999999,1
24098.04749,59006.02729,0
23587.238240000002,60900.01705,0
22484.2318,58212.30529,1
23101.092380000002,60352.37564,0
24290.49325,60019.2833,0
23774.31742,61718.3033,0
23892.19195,58859.42072,1
22774.06425,59922.05079,1
25356.60148,57975.970570000005,0
22752.79013,58881.00817000001,1
23691.72883,59050.0525,0
21196.699819999998,59289.64472999999,1
23303.0379,58888.064860000006,1
24519.82416,59143.394889999996,1
23949.9755,60789.94212000001,0
22576.26085,57823.99012,1
23264.486090000002,57546.94702000001,0
24119.76535,59360.4904,1
23309.990530000003,56980.21163,1
24819.48716,59952.18392,0
25575.53838,60941.390779999994,0
23210.057,59807.798610000005,0
22728.74251,58486.449029999996,0
23765.83333,57737.193810000004,1
23407.6827,60163.65555,1
24602.952240000002,58962.34897000001,0
22461.30492,60720.99288,1
23147.08628,60501.34114,0
23999.593109999998,61160.671539999996,0
23385.77388,58915.06792,1
23398.40509,56551.178420000004,1
23709.69801,60372.81994,1
23031.537959999998,59574.511139999995,0
22751.82322,58967.35194,0
23009.95418,58345.23862999999,1
23528.52676,60011.25701,1
23694.239719999998,58511.46041,1
24032.859480000003,61283.941960000004,0
23155.941740000002,59655.345870000005,1
23582.2003,59276.582539999996,0
22774.81489,60924.37727999999,0
21746.42657,61436.14449,1
23576.96196,59454.19096,1
21946.41616,57325.90803,1
25165.69546,60987.39774,0
22294.736530000002,59492.17375,1
23623.1478,60306.614089999995,0
23886.33241,61090.044160000005,1
25692.671140000002,59935.766670000005,0
24126.12445,58420.22172,0
23601.886290000002,60783.17117,0
22357.144630000003,56863.7648,1
23339.55456,61784.86939,1
22722.88512,57395.1015,1
23387.643669999998,61796.00664,0
23119.606340000002,59136.376529999994,1
22710.334580000002,60894.760220000004,0
24221.154980000003,60493.51949,1
23435.60314,56634.373060000005,1
23499.99173,58945.79298,1
23892.79092,60940.76485,0
23423.2112,60349.8681,0
21987.96264,58317.39776,1
24267.78493,61241.17525,0
22602.52983,59480.44839,1
24230.22716,58365.813270000006,0
23239.69371,59229.90219,1
23395.61375,59051.06269,1
23390.517069999998,59920.220720000005,0
23442.498630000002,59551.26746,1
23541.305809999998,59724.720570000005,1
23828.19297,58329.243389999996,1
22485.34008,57870.869810000004,1
23900.89185,56632.503829999994,0
23239.27188,59686.15127,1
23860.74404,58628.90128,1
22032.1509,61627.50125,0
21876.88425,57367.90267999999,1
23200.08861,57458.01639,1
23568.879380000002,60499.38992,1
25598.494919999997,58881.6015,0
23925.14,58320.2892,1
22395.97716,59067.66977000001,1
24684.92324,56918.3616,0
23787.88339,57523.94101,0
23410.12625,59026.54796,0
22922.935569999998,58367.755370000006,1
23468.079009999998,57898.878820000005,1
23278.45506,60496.00822,0
23292.00737,58297.95902,1
23057.33587,59449.108360000006,0
24143.487390000002,62014.31476,0
24962.96695,60876.46025,0
22552.5391,59265.122729999995,1
24670.825080000002,60319.18038,0
23925.09886,60744.17133,0
25346.34793,58797.74936,0
25335.30142,60201.294120000006,0
25591.98016,61012.52306,0
21815.9473,57345.86115,1
22763.0668,59994.05839,1
24106.19692,59434.68429,0
23342.30402,59404.79719,1
23154.64307,59602.90565,0
24075.01433,60536.85976,1
23562.23138,60888.19436,0
24963.49394,62609.130710000005,0
22993.733490000002,59592.29471,1
22572.1599,60039.71049,0
24801.837919999998,58212.37222999999,0
23961.981219999998,60286.59795,0
24034.63795,59245.44741,1
25388.22358,56692.07178,1
23760.72248,60761.23966,1
22981.178480000002,57494.13664,1
23139.60295,58998.52699,1
23221.71381,57643.3043,1
24056.62386,63613.93945,0
22438.62749,58851.5873,1
24737.24299,60277.80839,0
23595.52926,59570.61796,1
23833.697519999998,57617.666520000006,1
23837.18256,60550.10378,0
22316.28409,61180.34654,1
24097.1315,59087.25951,0
24478.84231,59383.71879,0
23276.82949,62763.065039999994,0
24944.70391,60206.31736,1
22844.40105,60230.57083,0
23495.40375,57992.76556,1
23213.29244,60624.490379999996,1
23739.73561,58630.62176,0
22766.64662,60179.72782000001,0
24804.5817,58627.15983,0
24220.83256,60228.08972,0
22690.340180000003,60184.20307,1
25470.84565,56695.62081,0
25749.44459,59117.35954,0
23849.670130000002,59741.16809,0
23544.00128,59150.96516,1
23585.397090000002,59742.38979,1
22025.53334,62055.41673,0
22710.690580000002,60563.50844,1
24025.74743,60377.263329999994,0
23314.30225,57918.068479999994,0
23108.56862,60549.593839999994,1
24496.08962,60384.076689999994,1
23232.52741,60130.618579999995,1
22668.902619999997,57688.4994,1
24253.45753,58605.914370000006,1
24805.04981,60820.71562,0
24190.619590000002,58042.483,1
23699.11119,60987.62857000001,0
23436.716669999998,57997.51809,1
24646.89904,59520.52692999999,0
21792.48673,60721.41258,1
23816.064730000002,60170.424329999994,0
24224.47815,60736.84737999999,0
22208.88793,60187.13932,1
20878.86805,58249.466889999996,1
25525.39917,59769.68707000001,0
23983.87157,60128.9022,0
22137.12805,60641.64691,1
23752.58675,58481.75758,0
23115.18897,58138.85056,1
23669.22871,58816.220989999994,1
21034.96813,59299.06854,1
24244.06348,58792.62331,0
23585.17257,59394.10732,1
23015.98274,62370.34715,0
24173.34927,58328.000029999996,0
22501.25156,58516.29912,1
24439.66094,61574.86486,0
23355.96731,59262.81232999999,1
25942.00392,60811.23892999999,0
23715.71472,59642.18115,1
23582.91922,58658.970960000006,1
23945.46293,60212.87968,1
24209.2747,60464.04964,0
24220.906919999998,59307.144570000004,0
23408.17801,58905.540279999994,1
24594.42446,60350.67296,0
23736.246909999998,61627.710889999995,0
22522.62753,60153.00633,0
24363.33919,61112.98766,0
24964.36796,59882.49684,0
23579.152619999997,60033.719520000006,1
23010.6288,60872.12585,1
21233.50507,58512.84551,1
22352.23175,58591.47106,1
24614.57939,59774.048570000006,0
23373.61279,61616.0956,0
22930.8419,60419.14465,0
22602.20171,57535.460810000004,1
25184.33995,60285.27374,1
23929.23685,59665.79615,0
23996.73026,57507.81852000001,0
21786.234230000002,59636.55624,1
24367.35036,60227.98696,1
23075.80628,59808.98752,1
23913.52952,59851.30857000001,0
24909.57958,59615.730429999996,0
23375.14699,60377.47382000001,0
21691.88961,58628.541489999996,1
23830.62684,60316.44571,0
23071.56357,59191.930570000004,0
23519.95345,58787.36252,0
22642.04492,61385.37282999999,0
23451.15953,60577.90111,0
24102.51804,60177.38794,0
24789.5111,62675.38964,0
23665.04081,58453.11275,0
22916.63225,60126.95896,1
23529.57431,63129.347429999994,1
21655.88523,58852.636289999995,1
24062.35798,59085.46992999999,1
24658.87536,61142.91362000001,1
20542.683930000003,59908.836820000004,1
25283.98861,59786.306339999996,0
24607.96015,58566.52635,0
24905.2213,60525.98078,0
25191.23429,58195.55974,0
23703.47657,59151.63044,0
23361.299430000003,58211.357670000005,1
24408.34584,58724.09747000001,1
23408.16061,60798.11629,0
24290.90736,60187.79545,1
24690.56355,59378.188579999995,0
24460.64362,60742.53226,0
23805.94334,58019.83656,0
21132.7745,59928.58478,1
23116.941609999998,61051.16149,1
23909.56779,59307.69669,0
23411.54105,59458.31846,1
23375.00402,57302.38205,0
24117.46238,59829.62356,0
22998.180269999997,58772.44692,0
23469.34734,59554.64139,0
21724.82683,58042.08412000001,0
22378.877480000003,58537.20522999999,1
23130.18651,60465.872789999994,0
24403.87064,61692.82261,0
24039.23747,58388.9302,0
23883.47148,60257.24441,0
24469.4784,59667.82634,1
22223.88015,58391.044429999994,1
23896.86441,59075.55764,0
22253.90896,58243.41302000001,1
24582.267780000002,59647.183710000005,0
23554.80575,59796.207539999996,1
24221.72356,59235.39355,1
24139.306090000002,60240.08798,0
23628.33959,59221.76914,1
22152.345240000002,59393.96791,1
23982.96891,59205.393189999995,0
23933.00341,60128.22466,0
24821.13615,58346.10297000001,1
22864.201930000003,58162.47611,1
22874.520780000003,60655.408820000004,1
22836.40865,60550.738620000004,1
23220.619619999998,58950.8369,1
24676.96584,60309.77762000001,0
25055.68286,60676.63302000001,1
22961.24163,58136.290720000005,0
23305.84288,59540.7245,1
23208.25585,57359.31707999999,1
22467.18174,59206.033760000006,1
24939.53142,58709.2594,1
23415.23012,60608.36128,1
23004.19246,58202.42931,1
22646.438159999998,62603.0398,1
22946.47307,58899.53435,1
23039.625819999997,59068.91057000001,0
22819.21001,59382.269589999996,0
24521.96444,57659.17906,1
23042.26732,63074.91005,0
22688.01532,58687.782889999995,1
23561.75748,58922.15644,0
23955.33238,59932.743279999995,0
24505.6222,58385.33427000001,0
24387.65182,60908.316029999994,0
24368.92859,58351.54878,1
23725.3187,59004.89626,0
23062.69399,60919.52409,0
22051.573080000002,59125.22585,1
22526.16334,58986.642029999995,0
23044.19798,58674.86666,1
23776.50277,57519.370039999994,1
22513.32939,60732.40814,0
22757.58433,58812.057329999996,1
22980.94251,57804.37732000001,1
24674.71377,59943.05477,0
24508.67,59485.26126,1
23736.37178,61787.12628,0
24687.64053,60101.32689,0
24541.207730000002,59717.054489999995,1
23593.13846,59281.27179,1
24957.566890000002,60386.24913,0
22637.89911,57532.78929,0
22589.30685,59279.35972000001,0
21737.98601,59518.911570000004,1
23777.243919999997,58186.3048,1
24536.95199,60307.16764,0
24229.7128,60528.224089999996,0
23730.99026,59873.052260000004,0
23530.84062,60486.73647999999,0
23523.47838,59331.38541,1
23502.35396,61198.19369,0
24149.67901,62010.33066,1
24796.69804,62027.7395,0
24525.20296,60544.724239999996,0
23492.6926,60618.16695,0
23921.05984,60299.01326,0
23730.459919999998,57002.85581,0
22208.547919999997,59699.451010000004,1
24436.1279,61771.04547999999,0
23665.01512,59557.16247999999,0
23595.38842,58182.28702999999,1
23072.95173,58706.39902999999,1
23674.517030000003,58875.03599999999,1
23448.410330000002,60873.30576,1
24636.87513,61370.4737,0
21982.257540000002,61302.13322999999,1
22816.80557,59636.774829999995,1
23461.64775,60627.90709,0
24362.16262,59457.50931,0
22725.664419999997,59431.318589999995,1
23909.463040000002,60031.5135,0
23356.92126,59569.68395,0
22852.017000000003,60906.01946,1
22929.58873,59045.22785,1
22425.79069,59836.26546,1
24250.694359999998,61164.50237,0
23494.43803,58061.438129999995,1
24106.6489,60219.697510000005,1
23491.86266,61446.21101,1
23414.24006,58129.338039999995,1
23755.642630000002,61225.7193,1
22786.97185,60407.26388,1
22585.24779,59813.92085,0
23541.40799,59711.72797000001,1
23412.6678,60928.93817,1
23020.96816,59795.5186,1
22253.96856,59009.13939,1
23042.62849,59607.28862000001,1
23573.21504,57784.69387999999,1
23605.73334,60197.5958,0
23418.54492,58877.44665,0
23342.40599,60055.67182999999,1
23557.46102,59505.056860000004,1
23764.24524,60399.43504,0
24592.45878,58511.89415,0
23426.24341,58788.687379999996,1
24352.07285,58532.8494,0
23544.7164,62494.62846,0
21245.5899,58866.32862000001,1
22482.7176,60615.346289999994,1
23077.80446,58921.077229999995,0
24866.5446,58703.43445,1
23296.39733,61126.2406,0
23105.66076,60116.180589999996,1
24621.22812,59470.295770000004,0
22466.1957,57691.88477999999,1
24573.612080000003,59052.427939999994,0
23900.73951,59225.00802000001,0
24128.2023,61252.879310000004,0
23786.94019,62109.1488,0
24001.17824,60159.66481,0
23867.95824,59125.47546,0
24642.151840000002,63270.39467,0
23937.83255,57919.09535,0
23178.434240000002,60226.529870000006,1
24283.550369999997,58943.58248,0
25625.51214,60531.40802,0
23966.75716,60556.67925,1
22628.225609999998,59906.01249,1
23328.355209999998,59592.2465,0
22917.63474,59494.79162999999,1
22476.31899,58510.64362,1
24864.65927,57927.41835,0
24203.285030000003,56117.51494,1
23612.01664,59750.078160000005,0
23205.64108,60863.195170000006,0
23811.230209999998,58854.48904,1
25023.69154,59700.64212999999,1
23591.31,58398.67167,0
23924.3225,59854.47967000001,0
25305.65322,62907.35359,0
23409.65296,59626.49778,1
22798.99159,59014.55785,1
24362.01302,59802.99916,0
23748.428480000002,59872.844039999996,1
21898.92005,58722.33082999999,1
25915.986930000003,59159.411479999995,0
23659.25606,58655.09903,0
23182.5704,58162.81933,1
23959.81975,59864.51986,1
22156.46113,58729.667270000005,0
23728.7338,59017.589779999995,1
23709.36933,60481.11407999999,0
24133.11542,61046.240379999996,0
21376.7378,59514.05732000001,1
23822.7316,58099.728610000006,1
23307.46611,59871.25102,1
24039.55425,55852.839620000006,1
23982.84558,57673.33411,0
22283.39008,61042.613939999996,0
22932.935569999998,62759.99103,0
23687.00879,57162.516760000006,1
23066.768780000002,59758.547620000005,1
23375.28365,60036.67587000001,0
20910.24297,60697.5125,1
23714.15209,60382.95428,1
22241.864990000002,61058.34123,1
24133.35835,61301.234939999995,0
26031.277309999998,57817.972460000005,0
23735.51088,60023.58387,0
24210.91864,59224.79117999999,0
23815.8068,57802.454410000006,1
21882.78783,60318.50679,1
24073.27804,59349.945060000005,0
22934.22296,60892.63604,0
22244.71771,60518.5386,1
24454.001490000002,59950.56326,0
21291.40189,58296.87063,1
23175.122669999997,60839.33572999999,0
22831.39819,60831.761479999994,1
23515.37017,59922.137670000004,1
23751.868290000002,60945.5324,0
23537.31794,59671.0291,1
23641.7522,60733.15809,1
22862.234330000003,58691.31106,0
23601.41741,62500.27209,0
23591.78505,59696.200999999994,0
22781.334730000002,59323.8886,1
24240.61084,60643.31762,0
22725.335180000002,59318.61629,1
23382.71959,58507.536510000005,1
21932.67197,61525.641489999995,1
23187.05886,58336.67037000001,0
23149.10326,58956.14449,0
25042.57588,59682.40872000001,0
24104.16995,59619.638139999995,0
22870.63938,55368.10596,1
23268.61355,60220.185339999996,1
24908.5776,59554.819339999995,0
24706.01138,62651.78563,0
24502.80785,61245.503820000005,0
22303.45763,58789.31726,1
25028.40746,60014.7191,1
23195.26704,61328.74042,0
22293.57924,58064.77059,1
24414.43425,60830.07841,0
22747.257680000002,59466.881120000005,0
23708.21356,58839.32947999999,1
23959.79863,59540.99789,0
22764.89169,57560.40052999999,1
22457.73116,59038.817910000005,0
23822.32185,59322.5246,1
23847.98909,58875.11644,1
23077.2745,60330.659889999995,1
23507.89084,59839.725660000004,0
24538.89198,59057.39472999999,0
23594.32646,59005.71375,1
24387.63073,58914.578010000005,1
22750.763919999998,59780.27372999999,1
22697.4708,59051.090260000004,0
24398.52519,61915.31125,0
22208.57174,59472.98541,1
23237.2153,59487.60069,1
23258.38913,58940.42572000001,0
24284.4542,61795.59673,0
23376.512430000002,60983.283339999994,0
22498.69242,58661.273460000004,0
22681.03711,60260.22923,1
23239.03832,59668.037220000006,1
23291.61786,59697.48057000001,1
24323.17356,56757.4032,0
23641.45309,58960.071820000005,0
23721.734640000002,59621.96709,0
22599.40638,58337.54927999999,1
23097.04672,60440.29021,0
23241.18727,59211.49175,0
22620.16939,60968.23078,1
24963.774409999998,60445.614270000005,0
22710.22119,58866.88717,1
23279.359109999998,58714.05809,1
23137.82897,56973.67517,1
23823.637459999998,59092.28502999999,1
23689.17536,59274.64906,0
24453.997040000002,58819.100060000004,1
23748.695819999997,58868.3056,0
23183.62999,61307.263060000005,0
24480.56838,59345.61136,0
23330.63092,59865.60366,0
23102.33115,57205.295770000004,1
23308.87901,58136.658110000004,1
25418.18092,60655.58665,0
23027.99269,60372.97877,0
23872.65291,59638.40797000001,0
23966.25763,56902.21959,1
22534.45503,58124.3427,1
24689.53525,58790.87127,1
23705.15631,61964.74225,0
24706.422730000002,60402.3426,0
23023.7046,60169.54842000001,0
22501.83092,57526.12738,1
22439.875330000003,59733.03101,1
22471.85962,57507.39324,1
24936.95719,62259.319789999994,0
23526.4737,57887.30749,1
23625.44645,58791.74977,1
22167.63666,60260.793,1
21723.33549,58583.314979999996,1
24411.59388,62977.50024,0
25227.374190000002,58111.70819,0
24592.42487,57755.38499,0
23313.04446,59289.59295,1
23927.78948,61262.08685,0
24101.345980000002,59537.505979999994,0
22742.663959999998,59394.879720000004,1
23747.23498,59631.05797,1
24988.131840000002,60213.43849,0
23078.440459999998,58928.16117000001,0
23817.757840000002,60725.11567000001,0
22820.19457,60349.41209,1
23725.15434,59792.97074,0
24837.61624,58478.228039999995,0
24740.84129,59560.86191,0
23285.40075,59138.15308,1
22694.70415,59184.76424,1
22738.02411,58145.66105,1
23156.3537,59355.549139999996,1
22423.12109,57527.94629,1
25093.225140000002,61459.04818,0
22180.79701,60121.35514,1
22513.873069999998,58915.763779999994,0
22778.64056,59302.79463,0
24091.79211,59751.773960000006,1
25241.07255,58841.314620000005,0
22176.18733,59777.40644,1
24787.93429,59355.562210000004,0
25060.55474,61030.52937999999,0
23277.40699,59839.151560000006,1
23759.581769999997,57824.72862,0
23723.18994,59865.05725,0
22270.56648,59484.66412,0
23476.67629,59474.290420000005,1
23917.73889,60718.68717999999,0
24790.86514,59338.060999999994,0
24702.74073,60238.41021,1
24045.16976,59466.74767999999,0
23277.20769,60392.20962,0
24449.57826,59837.48086,0
23166.44221,61800.1215,0
23839.32749,61482.94659,0
24619.849319999998,60161.02265,0
22664.765190000002,59086.2749,1
24354.62657,60037.922179999994,1
24534.353180000002,57966.12949,0
22465.93578,60185.546989999995,0
22661.99915,60178.255260000005,0
22251.96401,60296.10354,1
23046.65479,61571.45547000001,0
22663.79872,58352.08465,1
23095.115009999998,57586.32795,1
23995.59792,61254.942520000004,1
23140.44086,60628.497339999994,1
23114.9511,59088.3754,1
23207.68621,59552.98639,1
24194.671290000002,62218.63503,0
23352.225280000002,58384.92991,1
24347.989859999998,60277.450860000004,0
23934.920290000002,59563.34783,0
23688.28595,61828.45121,1
22715.160659999998,59858.284170000006,1
24323.13831,60561.99255,0
23651.73933,60106.567429999996,0
24486.75767,59276.316679999996,0
24069.2617,58448.13307,0
23136.78384,58188.89679,0
23915.041680000002,58108.77762000001,1
22364.29915,60812.11867999999,1
22516.390480000002,59449.01609,1
23612.1096,58706.41033,0
22446.83857,59093.23791,1
24473.166380000002,59492.50792999999,0
23399.26807,60707.07602000001,0
22791.42924,58817.52755,1
23323.87904,61536.02975,0
24118.88705,58552.17927000001,0
22244.591519999998,61393.42575,0
23885.645419999997,59028.266729999996,1
25044.862080000003,58745.3596,1
23928.35151,57914.426739999995,1
22401.33817,59530.0249,1
25922.117319999998,59200.12862,0
23399.92279,61551.93237,0
22798.502109999998,60049.8512,1
23608.47174,58763.88842999999,1
23908.015069999998,58429.97315,1
24984.27273,59927.900839999995,1
23139.34387,59031.206589999994,1
24570.8533,58694.13514,1
22970.31524,57332.7111,0
23669.2681,60011.72625,1
23785.2828,59525.53822,0
22305.47224,59927.3119,1
24201.90321,60711.777389999996,0
23516.97872,59338.53222000001,1
22109.06029,58336.37597000001,1
24692.93849,61303.884860000006,0
25312.49121,58006.976070000004,0
24561.89143,59050.92984,0
23479.38073,57010.40935,1
22504.219719999997,60070.980110000004,1
22227.963,59841.89515,1
24732.6524,60902.240410000006,0
22956.87129,57151.59695,1
23198.18859,60281.2585,1
22878.823330000003,60991.06775,1
23920.88612,60365.17454,1
23393.828719999998,59447.9582,1
24157.59529,58599.37538,0
24889.43795,60139.01575,0
23499.50912,60521.23537,1
21565.72619,57332.16132000001,1
24008.08938,58355.9334,0
22267.910490000002,60103.2605,1
23602.87415,62036.85905,1
24898.636730000002,58259.362239999995,1
23797.8214,55668.0717,1
21691.35511,60150.141489999995,1
23408.04191,59435.84955,0
24404.0345,60105.23821,0
22497.82224,60342.15467,0
23273.89311,59142.52099999999,1
23830.47834,60874.9608,0
23451.72293,57719.44726,1
23256.082290000002,60248.360179999996,0
22496.8741,59063.35329,1
24851.90296,58147.9327,1
24781.58823,61440.13446,0
23276.446219999998,58179.62409,0
23368.64292,60098.24126,0
23605.04488,60675.8194,1
22574.14735,58068.342229999995,1
22952.362999999998,59458.12839,1
23907.47641,61965.29968,0
23348.34458,60815.170939999996,0
23680.90893,59457.256420000005,0
22844.133009999998,56440.591720000004,1
24464.03372,58829.93762999999,1
23152.028580000002,60317.52443,0
25583.00235,58879.406910000005,1
22646.41696,59257.03112000001,1
23221.98014,57526.67045,1
25574.40763,60294.451329999996,0
24369.48955,61099.499520000005,0
23884.90609,59447.92631,0
24695.1616,58624.84304,0
23704.1891,59140.25717999999,0
22990.31771,58812.77425,1
21694.94314,59151.530289999995,1
23335.4174,59567.67455,0
23671.07973,59592.71355,0
23220.18068,59776.66745,1
22725.00908,60199.96023,0
23980.6651,57995.4967,0
23435.98369,58807.468179999996,1
24065.37098,59220.9163,1
24411.39093,59767.536660000005,0
25053.57206,60589.440129999995,0
23921.95337,60843.5184,1
24722.39603,58135.27345,0
23307.17453,60720.799810000004,1
23307.456680000003,60734.6358,1
24653.87425,59761.16673,0
22568.85937,58372.671610000005,1
23317.72614,62866.63978,0
24328.69595,60593.13899,0
24092.43718,60045.33998,0
22818.5523,60105.1546,0
23193.0443,59145.4238,1
24386.10569,61281.81807,1
25794.844830000002,60062.0276,0
22481.41897,58875.936910000004,1
23216.969569999997,58865.064529999996,1
22588.1297,60768.8296,0
25019.988230000003,59919.66154,0
22333.431090000002,59905.03581,0
23542.87881,62397.052279999996,0
22421.83571,60631.131910000004,1
23943.308530000002,59373.748929999994,0
24785.84376,61270.19235,0
24626.43526,60855.94964,0
23621.73087,55202.672060000004,1
22626.46263,60530.75366,1
23200.54745,58860.49646,1
23469.31786,59793.75377,0
23856.12287,58611.21097000001,0
24946.7422,59844.1682,0
22944.67811,57953.48786,1
23110.91484,59860.52755,1
23848.1741,60375.77091,0
23185.68201,58585.5756,1
23955.454680000003,60019.23825,0
23583.534,59531.379270000005,1
25818.89116,61087.49933,0
23563.18677,58690.25554,1
23085.59573,59558.31607000001,1
23443.62435,61399.80517000001,1
23420.50259,61012.545620000004,0
24641.99544,60062.38861,0
23985.62675,58596.78795,0
22463.61022,60067.511920000004,1
23103.38192,59970.22437,0
24047.91774,59587.18745,1
23255.57401,59883.308260000005,0
22158.06986,58510.81121,0
22843.09244,58579.40696,1
24387.741980000003,59865.1355,0
24477.71821,59326.03913,0
25317.05946,60427.08097,0
24969.80064,60847.9185,0
22070.921580000002,61476.181820000005,1
22392.024080000003,56557.39267000001,1
23731.94972,57719.89401,1
22140.35319,61255.719820000006,0
24246.38739,59502.58832,1
24932.29204,60015.94926,0
24390.39159,60905.086260000004,0
24520.73091,60486.22262000001,0
23746.27304,58244.278029999994,1
22981.30779,59524.60743,1
23152.97999,60139.2947,1
23177.36374,57731.53676,0
24106.92326,61092.99834,0
21865.58615,57742.39151,1
22920.78462,58577.418979999995,1
24274.9007,57767.662370000005,1
24492.28309,61353.594110000005,0
23032.10481,59984.748029999995,1
22775.67165,60052.27846,1
21503.72581,58076.23574,1
24495.563869999998,58889.90797000001,0
22517.72616,59725.03216,1
23093.22849,58333.21,1
21457.79458,58976.88825,1
23589.98875,57749.50942,1
24045.8709,58493.50874,1
22361.68234,57001.06216,1
21358.67438,59464.52505,1
24433.45485,59857.187079999996,1
22539.5432,59837.462929999994,1
23367.77506,59369.8316,0
23889.12877,60762.31476,0
25508.24743,59139.717189999996,0
24430.88011,60617.437529999996,0
21281.723130000002,57793.102770000005,1
23573.37756,59708.11265,1
21881.09247,60611.95047999999,1
24717.49016,60333.7148,0
22048.32704,58592.93276,1
22760.63079,60159.98338,1
22701.09268,60222.13381,0
23649.284480000002,56160.52811,1
25061.72556,59207.64746,0
23110.29275,61538.603339999994,0
24604.71061,59842.70601,0
24120.831140000002,60550.31559,0
23135.25235,61104.56347000001,0
24815.59184,59349.0599,0
23475.14921,56919.539860000004,1
23636.70774,58104.834310000006,0
25083.03042,60490.76999,0
22759.1044,61070.958510000004,0
23301.82366,59590.85016,0
23530.688619999997,59584.4185,1
24725.75087,61049.71299,0
23914.919019999998,61103.589620000006,0
22970.32536,60653.68742,1
22703.24798,56627.64169,1
24102.12276,59215.960510000004,1
22992.699669999998,60570.82576,1
24666.906919999998,58952.21382999999,1
22073.985959999998,58064.00031,1
23050.67026,61558.898429999994,1
23106.85123,57734.41998,1
23344.47139,58313.39325,1
24324.13373,60485.99192000001,0
22568.47709,58420.3319,1
23938.572640000002,60579.83175,0
22805.33191,57522.91937999999,0
24823.49926,60326.656760000005,0
25203.941740000002,61699.356439999996,0
25912.5537,59049.418439999994,0
24828.4965,60714.112839999994,0
23795.42675,59773.300220000005,1
23064.57354,58196.16847999999,1
22227.478580000003,60628.354289999996,0
24106.65979,60848.893110000005,1
21828.32011,60232.51606,1
23639.99021,57813.33143,0
24748.291080000003,61928.15546,0
24875.797430000002,60902.6322,0
23734.64532,59420.657810000004,1
23540.56288,62229.54215,0
21914.93024,56674.51022999999,1
23642.44326,57864.49909,1
25112.33772,59484.10657999999,0
24323.19902,60702.880339999996,0
25368.77646,60510.140779999994,0
23659.27103,57906.559310000004,1
24166.15627,61404.696970000005,0
22835.24565,58496.84028,0
22888.3271,59698.079939999996,1
25346.910219999998,59712.10608,0
23762.9122,58064.07894,1
23690.04723,60536.388829999996,0
24217.37933,58188.388289999995,0
23548.43119,60044.89227999999,0
23690.20016,61220.560410000006,0
23656.41499,58521.211579999996,1
25473.229330000002,59759.26627000001,0
22218.71651,60889.93764,1
23611.88415,58629.93725,1
24452.0479,59577.44173,1
22732.69305,57752.124729999996,1
24108.582140000002,60494.693929999994,0
24026.846709999998,62125.91129,0
25022.81627,58062.61038,1
23835.89583,57700.16266,1
22936.27812,60250.48316,0
25339.65276,58830.99652000001,0
24136.44246,60516.495720000006,0
23794.86524,59712.535520000005,1
23244.67681,60420.98703,0
24242.45489,57982.47493,1
23703.68386,59577.27625,1
24171.28334,60620.45432999999,0
24654.94576,61588.28856,0
24419.10783,60508.82098,1
24238.9149,60378.100020000005,0
22011.201240000002,58843.22215,0
24443.80001,59651.644720000004,0
24025.58533,58039.057570000004,1
24017.885430000002,58741.047529999996,1
24016.34673,57992.3126,1
24653.376930000002,58693.41854,1
23144.3815,59287.73439,1
24052.59138,59871.28999,0
24687.397680000002,60121.7455,0
22070.7942,58089.974239999996,1
24259.9494,61747.45793,0
23999.61694,62251.83032000001,0
22081.22681,57638.0887,1
21843.65055,60499.97794,1
21903.429480000003,60043.62331,0
24283.93952,58813.11895,1
22809.42999,56293.29211,1
22281.28921,59957.38025,1
23572.25591,59745.745910000005,0
21181.520080000002,57548.16325,1
22170.62197,59571.01707,0
22593.0664,58535.7319,1
24063.79173,60181.58866,0
24646.68319,58394.93707000001,1
23545.9939,59186.608570000004,0
23812.90572,61343.090379999994,0
24811.9681,58915.39653,1
22362.2205,58658.845160000004,1
22187.91792,58419.12081,1
23162.85631,60915.88115,0
24284.78623,60163.75805,0
22500.23866,58078.200260000005,1
25076.38957,60935.33143,0
23841.5552,59779.14294,1
24010.007419999998,59436.2215,0
22177.459730000002,59160.752960000005,1
25919.030919999997,58678.22619,0
24342.62324,59121.949929999995,1
23724.953859999998,60033.69225,1
23362.34858,58942.00825,0
23594.65463,58482.61504,0
24032.493590000002,60511.509770000004,0
23237.56667,59241.89535,0
25707.78736,58246.142360000005,0
22879.74678,60015.76998,1
22833.86304,60859.044,0
22786.52412,60306.980229999994,1
23191.834,59817.69541,1
23802.08901,57760.2057,1
24314.565580000002,59095.24179,0
22417.36234,58172.22839,1
22753.94815,59207.63496,1
24312.87071,57751.56857,1
22604.86576,60671.33591,1
22860.973619999997,61181.772410000005,0
21649.10153,60542.41054,1
24535.682530000002,59368.37594,0
24548.21586,58379.13043,1
24499.19206,59539.44601,1
23302.77908,59926.44672000001,1
23258.3456,60084.52443,1
24781.378819999998,58905.00377999999,0
24362.53383,60602.226389999996,0
22610.51824,58130.56912000001,1
23475.06923,60931.15304,1
21249.942909999998,56855.28912,1
24300.47453,58245.85757000001,0
24236.075259999998,60126.53239,0
24770.853180000002,57962.69209,1
23562.19461,60456.00035,1
25197.50069,58536.43647000001,0
21861.61249,60733.99302,1
24179.20412,59532.916370000006,1
23164.39699,61456.899410000005,1
23904.65721,58907.36219,0
24128.61225,61621.96712,0
22573.46012,58831.00082000001,0
20943.733490000002,59256.39913,1
23753.48806,58285.37992000001,0
23873.50865,59633.13559,1
23013.22991,59658.27927000001,1
24193.42549,58181.48756,0
24581.83303,60920.48481,0
24358.21071,59954.62482999999,0
21043.280069999997,60406.38035,1
24289.27396,60081.713070000005,0
24407.03248,60729.45506,1
23045.89973,59026.75606,1
22467.451119999998,58813.550279999996,1
23834.51351,60081.74404,1
23894.89679,58345.0685,0
24242.15623,58488.540270000005,1
22108.79782,59889.62744,0
23279.15696,58978.631720000005,1
24461.50126,58919.85754,0
23983.29316,58566.82822,1
24561.120590000002,63019.36737000001,0
23177.60039,57375.481360000005,0
24726.0034,59737.9695,0
22538.05132,60196.40267,1
24699.21165,59957.738670000006,1
22734.34443,60511.279010000006,1
21891.1477,58752.43276,1
23549.34113,60173.59689,1
24325.62371,61867.9866,0
22428.7839,60300.29289,1
24010.225440000002,59569.740920000004,0
22797.99416,58973.67713,1
22662.10546,61653.97908,1
24387.80569,60461.29324,0
24968.12046,59054.641129999996,1
23771.77336,59181.03005,1
23735.5002,58359.183670000006,1
23205.578690000002,59162.45669,0
23039.62792,59729.0988,1
23442.412780000002,58679.459189999994,0
23570.54721,61202.13171,0
23318.23295,61127.293920000004,0
24083.84405,59198.929339999995,1
24360.3205,59520.468179999996,0
24204.79443,59671.2454,0
22541.59869,58533.789410000005,1
23430.463630000002,58579.63625,1
24631.56175,58749.234679999994,0
22408.38649,60491.149620000004,0
23383.74121,59697.966389999994,0
23486.695509999998,58414.87022999999,1
22623.17454,56811.23719,1
24676.04584,58974.93836,0
22470.17974,58938.0345,1
23820.413669999998,61530.953429999994,1
24509.7294,60062.62155,0
24075.24025,61421.91889,0
24313.97366,59079.888629999994,1
23825.276319999997,59815.90481,1
24170.19254,61580.11147999999,0
25191.06625,61620.1232,0
24853.04665,60055.65233,0
24495.74894,55602.23104,1
24997.838509999998,61655.9587,0
23836.66125,61250.98315,0
24670.29405,60369.95835,0
25544.85341,57773.006570000005,0
24820.94483,57637.0541,0
23650.09605,61911.80281,0
23466.20748,58748.62168,1
22968.04603,59227.291110000006,1
24630.98273,60823.48442000001,0
24868.62743,59708.49703,0
24317.451540000002,59518.41801,1
23142.734780000003,58274.156760000005,1
23567.6699,59304.002920000006,0
22636.88961,58829.61791,0
23110.75259,58065.60766,1
22769.32912,59696.484670000005,1
23190.90864,57794.790960000006,0
23460.74308,58597.38506,1
23761.44565,60757.62541,0
23823.605209999998,59352.04923,0
23382.71976,63380.712779999994,0
23067.98306,59087.67386,1
25011.34606,61128.686129999995,0
22528.339819999997,58819.19855,0
23968.03475,59274.18696,0
22618.13668,59545.139910000005,1
23676.03018,60314.29448,0
23824.425909999998,60605.858779999995,0
23530.82589,62140.51085,1
22767.14667,59237.33167000001,1
23091.11416,60811.61277000001,1
22252.38965,58705.13655,0
23450.7841,59725.68572,0
24957.54822,58837.447770000006,1
24973.24929,58963.54542,0
24058.50406,61048.421160000005,1
23117.282890000002,60463.24789,0
22851.61247,58633.554679999994,0
22674.687009999998,59834.306979999994,0
24276.13195,61051.774620000004,0
22701.128080000002,59147.345129999994,1
23552.63484,59811.58594,1
23387.89743,60673.32751,1
24730.22964,60749.41409,0
23042.71151,58664.74777,1
24177.66032,60637.97558,0
24450.76724,59893.91514,1
23406.76735,59729.70882000001,0
23917.9854,60597.205270000006,0
24964.11576,59304.495220000004,0
23029.2471,60295.71661,1
25677.710219999997,60495.568929999994,0
23242.53039,59904.29895,1
23705.882999999998,58773.64836,1
25027.894969999998,61148.66495,0
22492.96669,58738.6878,1
23520.010319999998,59824.9447,1
24822.187469999997,60857.85102,0
22108.856190000002,59260.136470000005,0
22068.4815,60604.83523,1
23701.70201,57499.37357,1
24355.71946,60116.594789999996,0
24707.44661,59281.97961,0
23204.88016,58845.995689999996,0
24297.53144,60178.941329999994,1
22860.60428,58635.1579,1
25064.74486,58337.227660000004,0
23353.59464,59050.803479999995,1
23721.8127,58712.12254,1
25056.22412,60589.12741,1
23671.88697,59471.02719,0
22309.65088,60475.50896,0
24802.28445,59541.560529999995,0
22183.91448,61010.87432,1
23619.50199,57687.54665,1
22580.66726,61546.34285,0
24118.98453,58039.20439,1
23200.79884,56079.62785,1
24147.247580000003,57323.687770000004,1
23484.1004,58227.02273,1
24096.90096,61216.28942000001,0
22572.11144,59919.677970000004,1
22122.4992,60428.32668,1
23022.72495,61591.54085,1
23454.719380000002,59150.33211,0
22675.409330000002,58496.088639999994,1
24014.640669999997,57947.777910000004,0
23916.28683,58824.38582999999,0
22844.92953,61396.10819,0
20768.82818,59141.87493,1
23114.35054,58910.18704,1
23842.91183,60948.71497000001,1
23554.78254,61092.8767,1
24369.553669999998,60940.34598,1
24562.93276,59620.76433,0
23832.26123,60661.83037,0
25194.97871,59376.663810000005,0
22799.63376,57748.45895,1
24252.90448,58139.739720000005,0
25208.76178,59781.92378,0
25883.486259999998,60427.539039999996,0
23529.790930000003,59274.847089999996,1
23462.0834,58251.88464,1
23266.116990000002,59677.61218,1
22434.19296,59009.27843,0
22445.19036,59946.8903,1
22366.64477,58417.23276,1
23653.001669999998,60367.4947,1
23739.79224,61598.552220000005,0
24388.84673,60046.18232000001,0
22830.59866,58907.297620000005,0
25163.070490000002,61972.49921,0
22034.006559999998,61128.491989999995,1
24646.238240000002,58890.51296,0
23972.787999999997,59307.040129999994,1
22635.85807,61008.20246,1
22997.74479,62021.428029999995,0
24296.952409999998,58673.455910000004,0
24602.000630000002,59432.24242,0
23673.344409999998,59826.55854,1
23465.60111,59452.22997000001,1
23672.294130000002,57638.55044,0
23595.87526,58397.674929999994,1
22553.96095,60049.062289999994,1
23271.46931,59385.662410000004,1
26357.1761,59282.7355,0
23265.42816,60324.719529999995,1
25756.29703,59777.97945,0
22664.290569999997,59540.906339999994,0
22765.16125,59497.562939999996,0
24149.73359,59173.31047999999,1
25130.711880000003,59957.5411,1
23049.67224,56856.572329999995,1
23474.7291,59092.84244,1
24271.61196,60715.58294,1
23950.583580000002,57444.244770000005,0
23867.208130000003,59942.00459,0
24611.99274,56857.213670000005,1
22743.12951,61119.003,1
22299.74647,57557.70507999999,1
23754.73084,57710.040479999996,1
23105.20436,59507.416860000005,0
24298.775169999997,59975.75865,1
20993.59444,58903.532779999994,1
22910.99043,59559.87827000001,1
23732.89369,60600.32881,0
22476.22768,60783.75012999999,0
22952.75629,59167.708470000005,1
23319.832469999998,58482.87006,1
23704.10691,60780.22573,1
22235.78455,59839.85992,1
23838.46014,62003.85212,0
22718.52271,59748.19427000001,0
22997.128259999998,59013.43146,1
22634.167690000002,59038.33742999999,1
23814.86706,58839.829979999995,1
24268.92627,58743.67975,0
22484.20527,60935.5183,0
22705.32398,60482.11117999999,1
23719.84971,59824.168229999996,1
22588.63346,59549.943029999995,1
22469.92817,60208.89249,1
24713.81908,60623.12587999999,0
24746.28377,57575.14881,1
25625.85769,60682.66262999999,0
24526.94297,60874.146120000005,0
24156.29849,59291.88823,0
24650.29769,62649.79056,0
23666.12471,58480.85928,0
23834.545,57907.02183,0
23245.219390000002,58216.0612,1
23837.484930000002,58949.59054,0
24606.69474,59346.87992000001,0
23984.30888,61207.44384,0
24183.070209999998,58789.1052,1
23488.59796,61038.52875,1
23685.87506,58875.59029,1
22579.03577,57315.188089999996,0
23408.0571,59290.76828,0
23778.84121,60248.420210000004,0
22362.31724,57954.23936,1
22780.594830000002,58676.90277000001,1
22798.61682,61598.8361,1
24736.69742,57898.84477999999,1
22753.48285,62149.4323,0
23294.63162,60179.10094,0
23901.53381,59484.26033,0
24143.42815,59239.405770000005,1
25007.891069999998,58136.07635,0
23027.32585,59315.361670000006,1
23388.25272,59726.52005,0
24422.87475,59752.3784,0
25106.64208,59806.61674,0
23283.383690000002,60272.490020000005,0
23808.325569999997,59439.57187000001,0
22669.07794,60449.0154,1
23721.58136,62337.133689999995,0
23335.7821,58325.466720000004,0
22331.24557,59339.993610000005,0
24023.48758,60924.9099,0
24693.26248,60296.840229999994,0
24097.711890000002,59829.45096,0
23379.5117,59043.2596,1
24519.43573,61073.84299,0
23922.28885,58169.50825,0
23864.00566,60299.21057999999,0
23149.25888,58384.89231,1
22407.621369999997,59762.65362999999,1
24250.74514,58962.41075,1
24155.13726,61891.79067,0
23977.318519999997,58154.73432,1
22153.27177,59700.03582999999,1
23661.001480000003,60426.87782,0
22554.90761,59373.829820000006,1
24687.148409999998,57927.85186,0
24974.176359999998,59558.18739,1
24267.39641,58194.46314,0
24004.63821,58769.88565,1
22545.016190000002,59316.63465,1
23405.537,59396.63111,0
24528.65964,61965.025010000005,0
22758.047130000003,60570.65976,1
22800.92926,59059.882379999995,1
23554.994280000003,60106.778920000004,0
23505.06911,61165.28246,1
23117.9991,58555.4401,0
24298.44543,59014.129479999996,0
23722.29133,59954.252010000004,0
23559.83989,59374.639970000004,1
23115.94153,59627.677639999994,1
24147.87413,60406.75817000001,0
24200.07191,60045.445439999996,0
23496.461519999997,62941.166410000005,0
22541.52088,58625.82419,1
24823.953980000002,59852.070510000005,0
23627.02735,59957.1833,0
24127.890769999998,59803.617620000005,0
22948.72666,59659.5207,1
22186.362680000002,60168.184760000004,1
25644.97331,60026.00848,0
23342.65085,59287.85611,1
22325.80394,58682.14573,1
23342.02534,60853.82641,1
25134.60357,61039.63446,0
23514.97847,60471.67067000001,0
24111.98701,59380.72245,1
25174.87605,60340.20717,1
23755.27276,61219.71872999999,0
22110.69009,59965.03547,1
22665.23679,58938.65342,1
23529.93252,56916.80205,1
24472.41706,60208.48367,0
23502.45013,57639.09613,1
22545.50039,60042.932120000005,1
22762.84266,56364.06396,1
24476.52195,60622.72403,0
22671.39947,60916.09635,0
21979.797290000002,59332.36649,1
24827.962219999998,59328.30806,0
23284.15644,59458.47215,1
23032.87295,59902.29942999999,1
23353.66318,60349.113529999995,1
23488.274719999998,60206.623289999996,0
23582.07253,58827.69134,1
23427.3969,59173.86501,1
24229.66242,58340.218629999996,1
25451.16121,58675.163239999994,0
24183.10581,59651.674660000004,0
23780.15249,61915.04942999999,0
24706.00225,57487.41137,0
23920.1138,59781.085210000005,1
21683.891369999998,57032.788329999996,1
23231.41108,59890.91602999999,1
24169.66596,61077.366689999995,0
23640.51873,58283.95192000001,1
22561.42685,59299.93032000001,1
23652.57716,61866.8369,1
24055.5999,60723.856510000005,0
24688.80798,60450.56416,0
23912.28575,60615.621920000005,1
24059.82012,58890.968629999996,0
25085.29492,60051.41817999999,0
22916.42218,57646.556970000005,1
23815.13174,60172.7052,0
24141.889069999997,59510.359220000006,0
24146.564430000002,61757.31747,0
24072.64667,59149.59187999999,0
23497.30613,61911.24959,0
23439.25729,58605.084520000004,1
24217.79493,60738.76612000001,0
23904.65518,59413.93287999999,1
24145.919840000002,58454.425520000004,0
23360.3423,59652.647039999996,0
22942.23501,61262.93907000001,1
20959.52631,59238.19704,1
24267.63463,60349.58772,1
23777.6433,59457.607520000005,1
23913.13511,60812.92079,0
24851.18143,58122.1201,1
23822.35976,60257.52025,0
22793.57785,57927.01976,1
23593.82335,60647.798389999996,0
22848.50374,60452.22872000001,0
25213.09448,59898.96954,0
22777.928340000002,58357.90979,1
23814.88137,58495.026260000006,1
22495.372219999997,58535.56917,1
23697.41399,58442.459389999996,1
24118.451419999998,60594.55974,0
23283.63132,60057.75169,0
23910.252080000002,57402.93045,1
24250.00551,62893.50255,1
24556.96854,59207.75962999999,0
23443.83412,58885.873360000005,0
24917.77648,59855.78453,0
22666.61121,58024.09634,1
23189.11886,58055.11539,1
23505.12033,60618.75091,0
22774.73861,60552.12784,0
23405.84848,59413.198070000006,1
23638.891180000002,57197.04681,0
22652.06304,60499.810820000006,1
22757.082430000002,58626.24461,1
23971.309230000003,60561.43915,0
24378.31795,62453.93136,0
22554.751659999998,57434.057960000006,1
24157.50839,58938.6682,1
25000.73946,59579.6339,0
23783.71707,61901.02031,0
23565.62302,61785.91198,0
22906.04473,60370.55075,0
22608.57453,59648.640179999995,0
22904.7849,59626.322089999994,0
23343.520119999997,61089.052789999994,0
22907.90797,60699.98491,0
24282.84233,61064.75346,1
21944.2245,59002.80986,1
23530.47756,60280.45612,0
24222.36211,57728.99661,1
24347.49338,58559.641670000005,0
23280.8216,59405.89886,1
24461.4135,59615.6384,1
24365.59882,57655.75324,1
26057.42581,59832.97328,0
23584.86352,60366.90519,0
23008.260440000002,59105.0101,1
24432.74036,59439.49366,0
22451.53269,59240.34903,0
23437.739530000003,60931.915420000005,1
23822.299919999998,58385.793289999994,1
22165.94115,61912.90466,1
23456.248919999998,58579.76881,1
23917.84633,61859.82666,0
22121.683869999997,57613.21417000001,1
24688.23601,58674.75283,0
24015.749480000002,62177.20586,0
22114.001780000002,60322.0216,1
23861.192469999998,56914.02495,1
23485.14211,62140.51809,0
21089.95366,59657.53225,1
20915.578830000002,58635.56182,1
25405.43478,58168.16903,0
24309.38212,58349.33813,1
23861.22964,57690.46735,1
23243.36295,61509.55903,0
24499.54018,62543.5138,0
25113.96284,60184.07826,0
22982.35873,59445.10936,1
23225.25598,59046.78282000001,1
23447.74348,60887.0339,1
21924.33989,57408.122610000006,1
22861.81638,59415.88121,0
23798.090480000003,57676.52005,1
23686.599169999998,58602.12795,1
22619.541680000002,56644.766789999994,1
23531.7335,58663.986379999995,1
23202.43677,60125.018710000004,0
23311.4294,59391.59432999999,1
23310.8602,60586.896779999995,0
22000.52334,59059.326929999996,1
24801.04863,60879.8431,0
24585.9361,58431.29286,1
25233.75246,60772.44395,0
23184.99642,60137.0942,0
23614.93043,60313.914970000005,0
23528.24067,60267.53085,0
24256.47671,60749.552429999996,0
25022.611080000002,58074.46867,1
25536.72664,59005.994329999994,0
24520.731659999998,58474.546089999996,1
25241.51163,60568.30137000001,0
24254.85423,59960.29847,0
23512.15121,59080.322510000005,0
22631.65263,59078.2718,1
25151.20265,59951.13435,0
25632.075259999998,58902.23922999999,0
23590.087059999998,59379.251679999994,0
24633.50846,60734.84436,1
22256.174580000003,61350.26555,0
24917.605519999997,60444.935970000006,0
23255.93041,61562.00076,1
23719.89977,61235.91786,0
22490.10601,58630.16809,1
23637.9111,60323.902070000004,1
22564.27895,59231.95032999999,0
23404.520790000002,60482.651829999995,0
22865.160780000002,59497.65972,1
21955.73299,59261.80824,1
25095.499340000002,59655.61091,1
23754.34476,57947.941360000004,1
23143.120469999998,57057.43893,0
23662.56342,59032.21285,1
24793.69676,60347.03758,0
22960.85532,58095.32254,1
23759.812019999998,59489.71484,1
22893.47107,59783.09047999999,1
23071.44541,60019.75681,1
25009.87525,60126.423389999996,0
22102.38956,58780.91259,1
24578.142819999997,59696.729779999994,1
22992.99352,60065.965260000004,1
24793.28659,59302.331289999995,1
23210.96589,59553.84142999999,1
23980.00739,60576.39115,1
22866.425,59923.6881,1
23602.72618,59632.97395,1
25134.088030000003,57712.75818,1
23111.39168,60296.09032999999,1
23788.82944,60650.49117,1
24797.519659999998,59496.17729,0
23386.65055,58746.76902000001,1
24543.76093,59480.06299,0
24739.48517,60517.33587,0
23121.90353,60550.38856,0
25650.15617,60431.30274,0
24156.46488,60295.73075,0
24235.390369999997,60315.62227000001,0
22856.78245,61317.636739999994,1
24285.38385,59365.2945,0
22854.221559999998,58827.1979,1
21736.19223,59060.44078,1
23820.22636,58776.69516,1
24321.73268,60418.75336,0
21738.559869999997,59131.93886,1
22755.2611,57457.690989999996,1
22601.24626,58358.59902,1
24684.553030000003,63525.7212,0
23377.09076,59755.66186,0
23051.62686,58526.278620000005,1
21759.92266,59236.37074,1
24472.303780000002,60066.863620000004,0
24365.66446,60761.81314,0
23529.17315,59907.55965,0
23676.08004,59588.669420000006,0
23045.29654,60748.28272,0
24477.03514,60848.07762999999,0
24293.883830000002,57363.64414,0
23175.06864,56983.43456,1
24211.74173,61372.65474,0
23660.8254,58289.2571,1
23244.09591,56015.85845,1
24068.47166,58564.904879999995,1
22770.37199,60671.394920000006,1
24877.46819,58884.08026,0
23528.29311,58504.55767,0
23289.52765,59089.810110000006,1
23017.712819999997,58174.13189,1
24191.338030000003,60929.80902000001,0
22900.28481,57965.42046,1
24792.424069999997,58606.4605,1
24391.56435,59751.40523,1
23943.65637,58706.3027,0
24257.85616,61238.849570000006,0
25034.975,60017.560229999995,0
24179.749819999997,61111.58025,0
21741.68833,59814.618279999995,1
22988.981330000002,58617.817220000004,1
24149.79414,59847.11804,0
24274.86317,58832.40145,1
24510.73054,60348.12535,1
25652.96277,58548.5845,0
23716.067580000003,58660.55821,0
24404.14861,60221.2288,0
23114.67369,60786.215789999995,1
24664.72756,61221.30676,0
23764.68355,59110.11049,1
23293.56725,59599.79414,1
24818.08496,60906.207310000005,0
22817.81371,58610.875920000006,1
24751.87377,58794.6214,0
23455.53399,59863.91387999999,1
24316.974459999998,59447.29014,1
23192.47335,61603.88873,0
23631.34041,59161.75362,1
23966.38408,59454.29277000001,0
24616.963819999997,58583.98412000001,1
24609.17433,59857.33018,1
23219.58174,59429.57005,0
22348.7903,58730.436429999994,1
22702.29932,59941.00482,0
23088.29605,58683.835060000005,1
23369.05688,59771.38635,1
23851.31864,61249.157139999996,0
23967.878080000002,59061.35377,0
24280.290230000002,59554.70168,1
23808.350919999997,59572.67177000001,1
24012.61957,58656.90787,1
22932.359519999998,58519.63411,1
23132.79533,59815.85422000001,1
22935.75418,61345.37568,1
23573.96075,61311.13492999999,0
24614.25892,59748.974879999994,0
24230.53594,58830.42185,0
23345.725440000002,60738.76292000001,0
22517.060419999998,56967.5629,1
23145.57199,60663.470120000005,1
21492.30024,58740.58651,1
24274.083609999998,58890.97352000001,0
22394.12356,61542.505520000006,1
23425.56678,58121.068029999995,1
25139.6355,57403.066329999994,0
24558.91113,58489.70507999999,1
23225.10989,59852.34473,1
22467.45116,58066.770860000004,1
24654.72757,60059.43554,1
22825.5384,60434.95487,0
24408.975159999998,59836.83388,0
22398.26266,59114.69934,1
24092.91215,60240.68894,0
22915.11237,59881.564710000006,1
23600.094390000002,58861.23989,1
22632.62399,59267.640770000005,0
23761.49708,59643.87711,0
23819.90567,57654.70105,1
23257.59083,56610.41032,1
23831.674280000003,57903.64906,0
24049.6634,59451.7132,1
22736.2277,60189.678360000005,1
22503.64287,60634.20699,1
24683.11646,59267.55171,0
25016.98335,58025.77195,0
25207.83939,60620.43747999999,0
22129.77075,58783.896539999994,1
22504.13905,60319.13921,1
23148.13561,59777.733960000005,0
23211.22506,56930.69492,1
23042.0268,59945.64667,0
24318.43893,58980.20965,1
22936.23803,58496.50457999999,1
23426.40338,61032.16186,0
22474.42212,60638.32312000001,1
23159.698669999998,59414.85548,1
22963.84092,59985.359220000006,1
24036.49839,59319.54034,0
22695.49868,59877.33601,1
22807.10969,61096.88637000001,1
25515.71293,60720.63364,0
24635.84143,58652.179820000005,0
25636.73179,59509.24058,0
23184.86704,61074.03683,0
22662.736969999998,58694.97591,1
24269.29396,58003.74972000001,0
22314.24898,59330.79158,1
22529.676480000002,58498.952970000006,1
23976.45908,57328.81687,0
20662.07726,57205.134379999996,1
23049.74457,59465.0585,1
24048.302509999998,60511.9236,0
24823.667,59989.21085,0
23197.72851,58288.49222000001,1
24067.50138,59045.33334,0
22930.31778,57947.052489999995,1
23553.36381,56290.24507999999,1
25223.89855,58521.4292,0
23387.700409999998,60954.91684,1
23334.6964,58889.2099,1
23402.646080000002,57574.277579999994,1
23116.18388,60309.294239999996,0
22420.612419999998,58938.02149,1
25393.47796,59606.41386,0
24058.66288,60634.753939999995,0
23476.4447,60981.62316,1
24014.846169999997,60765.518370000005,1
22566.6263,59009.961110000004,0
24984.37756,58559.634029999994,0
23353.21884,59086.58252999999,0
24896.70618,61541.50283,0
22578.4941,58477.194370000005,1
22061.73042,57867.17691,1
24878.12885,57693.64867,0
23671.866430000002,59093.27277,1
24776.026859999998,59719.95074,0
24123.9739,58267.65886,0
23583.52322,60417.38608,0
23092.86388,58739.172479999994,1
24456.806940000002,62183.1174,0
24758.89566,62511.203089999995,0
23210.90909,60194.772370000006,1
24517.49905,57573.11429,1
23033.64982,59333.96254,0
23482.51859,60883.93006,0
23018.587919999998,60333.057779999996,1
24103.79403,59302.4469,0
24097.4204,57800.08639,1
23666.434240000002,58256.97112,1
22602.77134,60350.02555,1
22008.5917,58331.9136,1
23772.336369999997,59610.9661,1
24596.00106,61515.527389999996,0
24580.16057,60763.444760000006,0
23242.357180000003,61203.446679999994,0
23983.97896,60268.718539999994,0
22735.43373,60181.18139,0
23203.45032,58165.298189999994,1
25337.463630000002,59053.06966,0
23978.87115,59383.43645,0
24654.8146,62065.679489999995,0
24088.55865,58603.470129999994,0
23829.57859,60889.279420000006,0
22560.87109,61051.44066,1
24386.06571,60096.1395,0
24083.823519999998,58933.47954,0
23024.42529,57494.804670000005,1
22204.94344,61409.129720000004,0
23903.44438,57768.88012,1
24168.59546,59939.661779999995,0
24677.15171,59802.14758,0
23891.711069999998,60018.1651,0
24328.52605,59978.28446,0
25035.01326,59437.0224,0
23127.998359999998,59662.39327000001,1
23101.79092,60021.523420000005,1
23409.546609999998,60179.312829999995,1
22925.342080000002,57278.608870000004,1
23827.49076,59199.21566,1
24687.27884,58986.35099,0
23042.70361,61381.17578,1
23006.19339,59963.353220000005,0
24385.341780000002,58496.549020000006,0
22430.54964,60689.11965,1
23520.5128,60499.59172999999,0
23689.705130000002,60087.57973,0
24923.350319999998,57811.962,0
23532.41171,61595.211839999996,0
23096.696519999998,57419.90678,0
24553.13635,58488.41072000001,0
24641.446809999998,59153.082610000005,0
22249.52495,61141.40998,1
22851.48913,59399.59715,1
24088.56456,58159.02628,1
23178.52952,59588.921370000004,0
24143.3007,57852.42595,0
23486.03789,58798.05472000001,0
23407.78939,58011.161629999995,1
23550.11516,60605.23995,0
24412.72144,59177.975,0
24056.484640000002,58859.92555,1
22911.59129,61403.99714,0
22205.401159999998,58061.88535,1
23761.73796,57858.40615,0
22539.465819999998,58982.83203,1
23070.166230000003,62399.57832000001,0
24005.69805,60604.232789999995,0
22399.2885,58237.125929999995,1
24076.00561,61146.5972,0
22861.81048,59931.93952000001,1
23028.7287,60061.80711,1
24643.87381,59225.4729,0
25809.26512,58059.97077000001,0
21968.76616,57874.78207000001,1
23591.819330000002,60382.801510000005,0
23776.2535,60356.01075,0
25517.67653,61976.216720000004,0
22532.53033,57220.3046,1
25237.595390000002,59649.64892000001,0
24163.213880000003,59290.68618,1
21805.69559,59045.881689999995,1
24205.541409999998,60381.69727999999,1
24893.54334,62546.12995,1
22221.522559999998,56879.33735,1
22217.1242,60904.995220000004,1
22982.56942,61458.71226,1
24074.70376,60628.05677999999,1
24232.542019999997,60104.45529,1
25172.851280000003,59425.01757,1
23726.79344,58909.43061,0
22993.08602,58033.414070000006,0
24964.64159,57958.32558,0
23416.372669999997,60422.775539999995,1
23877.727880000002,60964.59866,0
23412.45122,58980.01436,1
21989.34232,59865.925520000004,1
22464.65545,60460.88009,0
22386.45043,58920.09428,1
23382.281280000003,60586.83555,1
23285.543169999997,58190.5161,1
24078.32169,59258.75901,0
24584.61665,60163.117379999996,0
23246.40623,62211.937289999994,0
24047.33857,58637.20265,0
23475.98966,59673.03012,1
24157.25805,61058.426620000006,0
23922.81526,58924.22349,1
23317.49337,58477.94399,1
23757.77098,59831.52359,1
23479.02463,60552.0924,0
24569.35826,56671.9092,1
23139.18726,59548.170360000004,0
24425.67509,57930.77602999999,1
23371.71504,63000.410729999996,1
23367.24675,59590.812470000004,1
21505.106359999998,60187.58221,1
24653.26931,60266.66553,0
23603.656030000002,60394.07621,0
23167.41712,59183.505489999996,0
24540.54116,59682.7927,0
23395.99784,59783.21316,0
23322.03466,60174.59967,1
23773.63542,58108.335770000005,0
23662.09252,59765.39212999999,1
24143.654590000002,60958.88285,1
22917.9321,57761.665870000004,1
23070.46628,59449.07587000001,1
24734.08088,58943.20407000001,1
24417.499819999997,61078.8462,0
23151.24312,59952.178479999995,1
22839.33916,59362.62319,1
22874.76395,60968.416379999995,1
24521.00102,57845.895070000006,0
22666.08542,61757.809479999996,0
23399.80442,58897.15795,1
23841.2452,59739.381729999994,0
23801.112999999998,58218.82629,0
22311.51836,59407.08044,0
24116.90033,57817.50946,1
24173.17412,60594.96566,0
23578.77677,60162.26435,1
23322.63331,59604.81815,1
22880.279919999997,59776.46237000001,0
25801.92581,59131.41123,0
22314.2922,57768.28565,0
25505.99384,60494.0363,0
22767.700090000002,59849.94105,0
22685.85172,58755.37945,1
24093.83756,60742.465229999994,0
23487.43821,59215.415160000004,1
24032.15176,59064.56742000001,0
23966.4125,59756.998889999995,0
23605.14807,59860.13237000001,0
24969.027619999997,59797.338229999994,0
24243.19429,60088.95205,0
23464.35624,59118.71735,0
24392.76988,61073.66525,0
21657.42354,58277.47666,1
24983.13667,60882.15425,0
22594.153919999997,60046.05152000001,1
24179.40553,59520.56231,0
23679.9021,60208.98677999999,0
24088.44654,58885.87476,0
23513.404919999997,59939.66934,0
24244.13967,60950.49987000001,1
24552.67645,61234.31533,0
24418.91545,60894.24574,0
23850.0008,61118.73884,1
22809.311019999997,58585.80517000001,0
21834.51985,60036.64529,0
23514.87846,57811.32844,1
21434.05545,59199.21835,1
22845.69223,59979.428470000006,1
24586.2954,61378.35457999999,0
24319.80291,59725.969189999996,0
22848.798130000003,61207.48621,1
21445.35116,58988.305720000004,1
23026.80991,58243.024379999995,1
23401.09956,57927.9373,0
22071.61915,59701.3523,0
21739.00961,60152.066020000006,1
21315.57704,62314.06456,1
24187.53272,58185.15855,0
24149.878119999998,60062.713410000004,0
25700.39802,61097.43391,0
25636.48995,61822.63937999999,0
23149.71672,57971.97852999999,1
23663.15711,56999.61172000001,1
24651.1972,58784.97659,1
24090.65894,61765.203989999995,1
23806.41773,60267.65911,0
23944.19384,59961.633689999995,1
24462.98649,59368.14977999999,1
22826.55805,58276.5519,1
23163.405069999997,59828.254420000005,0
25118.592969999998,61497.89312000001,0
23164.71126,56569.93704,1
23008.96837,58803.92269,1
23719.49088,59943.07245,1
23486.91895,58945.290629999996,0
23565.111080000002,62535.67691,1
24981.362530000002,60471.488970000006,0
23253.54518,60459.2496,1
23612.37589,60340.16925,0
24205.41054,59229.64425,1
22115.54471,61346.29821,1
23799.26109,60356.42761,1
22876.29827,60292.92222000001,0
24876.100280000002,60432.589620000006,0
23029.05063,60098.95077999999,1
24244.73165,59989.084279999995,1
24205.09964,61113.2456,1
21790.317280000003,59485.763620000005,0
23794.35382,59827.586070000005,0
22652.09268,57739.01877,1
22375.24682,58003.249670000005,1
23523.15531,61442.17166,0
22786.57342,57751.16291,1
22499.08535,57547.12041,1
23160.82331,60402.33263,1
22096.35544,58675.076089999995,1
22150.33728,59349.62461,0
23529.29308,59442.48496,1
23265.5425,60740.73005,0
24573.422000000002,61682.14446,0
23840.90832,60118.438760000005,0
23837.92858,60526.7169,0
23878.6822,58192.28022000001,1
22526.63596,56677.484260000005,1
23888.40291,58643.67449,1
24409.3154,59205.67166,1
23504.05848,59979.058370000006,1
24610.83396,60505.36302999999,0
24959.83408,61564.09631,0
23692.22266,59189.5499,0
22991.10558,60052.401079999996,1
23041.42454,58721.48435,1
24180.32075,60320.7969,0
24161.4093,62203.253410000005,0
23704.07813,57471.6215,1
23073.82388,60934.57847000001,0
23988.834440000002,59810.38337999999,0
25110.93249,61930.58176,0
23513.68369,58732.491689999995,0
24229.457140000002,61879.286810000005,0
24305.60828,60164.34857,0
21561.50351,58971.227439999995,1
24094.16825,59193.562710000006,0
22740.3949,59370.78682,1
24132.52459,60083.877089999994,0
24463.415930000003,63139.28257999999,1
22962.02733,58513.64817000001,1
23008.546469999997,58322.83806,1
23856.16013,59228.29894,1
23148.11134,58705.27356,1
24550.42271,60414.78725,0
22601.63923,60826.43113,1
22895.91069,59348.4309,1
22223.54944,57918.53452000001,0
24633.84166,58770.94776,0
23778.75615,58547.188120000006,1
23006.24259,56748.26226,1
24976.613230000003,58953.761889999994,0
24626.06861,62164.28355,0
22693.52941,59071.20383,1
22686.48491,60162.25408,0
24649.24909,60082.05272000001,0
24200.49784,58391.1141,1
23404.29865,60923.126679999994,0
22722.33389,58104.46242,1
22815.590180000003,63671.46713,0
22235.99454,60856.848029999994,1
22927.84028,59602.6277,1
23079.14952,59166.46972000001,1
24086.36351,58244.83285,0
24321.54693,57468.39652,1
24485.085919999998,59988.358629999995,0
25301.04549,60469.29255,0
23771.13107,59821.21359,1
24539.09796,60031.240060000004,0
22941.21792,56988.385989999995,1
21978.650419999998,60874.71147,1
23763.8625,60352.56066,0
22966.72574,58676.73161,1
24609.27536,60059.96987000001,0
24816.0012,60484.39539,0
22600.59935,59992.730820000004,1
23646.04022,62816.71822,0
25012.82388,59008.28642999999,0
23191.0775,57159.86722000001,1
23978.630090000002,59940.372879999995,1
23307.338069999998,61941.19139,1
